Rank,TeamId,TeamName,LastSubmissionDate,Score,SubmissionCount,TeamMemberUserNames
1,16382995,onechan1,"2026-06-17 15:57:54",1282.6,1,onechan1
2,16375930,くりたんとたけちゃん,"2026-06-17 12:55:23",1222.9,2,"shaka21,takechang"
3,16373853,DENPA92,"2026-06-17 10:48:16",1154.9,2,"denpa92,viewlagoon"
4,16376533,Kyo_s_s,"2026-06-17 02:45:37",1148.0,1,"kyosss,yomi8802"
5,16378569,YT,"2026-06-17 15:48:28",1146.0,2,yutatkd
6,16373352,kenn,"2026-06-17 14:05:55",1145.4,2,ikasumi
7,16372196,PyJa,"2026-06-17 19:44:43",1144.4,2,pixiux
8,16372862,sbite0138,"2026-06-17 15:58:15",1129.1,2,sbite0138
9,16372491,sue124,"2026-06-17 17:09:23",1123.3,2,ryotasueyoshi
10,16375555,"Iwata Naoki (いわたん)","2026-06-17 13:31:41",1117.9,2,iwatanaoki
11,16373260,mm-1989,"2026-06-17 09:20:30",1114.1,2,mm1989
12,16381129,"mamaPaPa Cloude","2026-06-17 14:26:26",1105.2,2,"lamana0120,makisaito"
13,16372378,Kuroneko,"2026-06-17 12:23:14",1101.7,2,kuronekoryu
14,16381982,HOMEWORK_L,"2026-06-17 14:47:22",1098.6,2,homeworkl
15,16375312,"Anthony Ellis ","2026-06-17 13:13:39",1098.3,2,chinoki346
16,16378321,"Arda Karakaş","2026-06-17 18:19:40",1090.7,2,ardakarakas
17,16373012,"Donguk Jung","2026-06-17 14:15:01",1083.4,2,dongukjung
18,16373713,Dakuma,"2026-06-17 19:24:21",1079.6,2,"daiwakun,kumanotani,tenceiling"
19,16373157,"Yuma Takeuchi","2026-06-17 17:30:39",1078.4,2,yumatakeuchi
20,16373912,Shun,"2026-06-17 13:42:21",1077.1,2,shunchan0677
21,16381725,llkarill,"2026-06-17 20:11:22",1076.5,2,llkarill
22,16379522,hibi,"2026-06-17 18:31:41",1075.7,2,hibi2571
23,16380074,hiru0118,"2026-06-17 13:46:23",1073.0,2,hiru0118
24,16373858,strayuru,"2026-06-17 15:32:29",1069.0,2,strayuru
25,16380841,FreddyH,"2026-06-17 16:35:27",1067.1,2,freddyh1
26,16378362,Tanupro,"2026-06-17 15:16:55",1065.9,2,tanupro
27,16371523,ポケポケマスター,"2026-06-17 03:03:41",1057.5,2,isakatsuyoshi
28,16376775,hiroingk,"2026-06-17 15:01:45",1049.5,2,hiroingk
29,16374391,"Brian Yong","2026-06-17 16:51:39",1047.8,2,brianyong
30,16379435,chenyZan,"2026-06-17 13:00:19",1047.6,2,chenyzan
31,16376675,Nikukyu,"2026-06-17 14:32:44",1043.7,2,tryuno
32,16381567,peacemonkey,"2026-06-17 18:35:52",1041.7,2,peacemonkey
33,16376107,Zscorpio,"2026-06-17 19:52:01",1040.4,2,seayoung1112
34,16380192,tk,"2026-06-17 13:07:21",1038.7,2,tanakar
35,16375482,takerusQ,"2026-06-17 16:12:47",1033.8,2,takerusq
36,16380347,"Takamasa Ueno","2026-06-17 18:43:17",1031.8,2,uentsz
37,16376662,Ai_1asy0525,"2026-06-17 10:26:45",1031.5,2,ai1asy0525
38,16373763,Tensa.bit,"2026-06-17 15:34:47",1026.7,2,tensabit
39,16371755,yuki,"2026-06-17 11:22:27",1025.7,2,yururoi
40,16376384,YOYOPIpo,"2026-06-17 04:16:08",1021.3,2,yoyopipo
41,16375817,MizoTake,"2026-06-17 13:39:06",1020.6,2,mizotake
42,16377830,"Otsuka Naotsugu","2026-06-17 14:57:23",1019.6,2,otsukanaotsugu
43,16375766,"Ten Uchikawa","2026-06-17 05:55:18",1017.4,2,tenuchikawa
44,16371479,zakopuro,"2026-06-17 12:14:20",1015.9,2,zakopur0
45,16377411,yakiniku.nagoya,"2026-06-17 13:44:47",1015.8,2,mshdhy1010
46,16371920,today,"2026-06-17 13:21:55",1015.8,2,today55
47,16372167,UBI=ISHI,"2026-06-17 14:32:50",1015.3,2,"koseitakaki,tsukasa1111"
48,16380100,Bancho,"2026-06-17 09:46:29",1012.3,1,harunaf
49,16376997,denden12,"2026-06-17 18:24:42",1007.6,2,denden12
50,16377821,長谷川太一,"2026-06-17 15:47:55",1007.1,2,taichihasegawa1122
51,16375738,currypurin,"2026-06-17 09:55:20",1002.7,2,currypurin
52,16374581,AM,"2026-06-17 21:03:00",1002.7,2,adammekky
53,16372371,takuyay,"2026-06-16 18:21:37",1000.5,2,dashimaki360
54,16374560,honjousetuna,"2026-06-17 11:00:59",994.6,2,honjousetuna
55,16384528,"Rafael Montañez","2026-06-17 21:12:48",991.5,2,rafaelmontaez
56,16382300,"Paras Sharma","2026-06-17 16:14:56",989.3,2,blazeofchi
57,16375434,Okadai-DSC,"2026-06-17 18:04:48",987.8,2,"ssk1217,toratako"
58,16377403,"Sumant V J","2026-06-17 14:02:41",986.5,2,sumantvj
59,16372588,noikaret,"2026-06-17 18:14:22",984.3,2,noikaret
60,16376695,kawaiy,"2026-06-17 15:42:54",984.1,2,kawaiy
61,16380796,GarlicToday,"2026-06-17 16:54:11",980.4,2,garlictoday
62,16372426,auaua159,"2026-06-17 17:29:32",980.0,2,auaua159
63,16378495,"ﾖﾈｸﾗ ﾃﾝｾｲne251225","2026-06-17 18:20:02",979.9,2,ne251225
64,16375653,nobker,"2026-06-17 17:35:59",979.2,2,nobker
65,16372522,木村太陽,"2026-06-17 15:08:36",978.3,2,"ichi2804,nanameru,yoheifutamura"
66,16371895,"DD Adai","2026-06-17 16:07:42",977.7,2,ddadai
67,16376939,Unicorn,"2026-06-17 15:48:29",977.2,2,scutxuanyu
68,16375468,m333studio,"2026-06-17 07:51:39",976.3,2,kengomukai
69,16373161,Pachuru,"2026-06-17 14:30:01",973.8,2,pachuru
70,16378076,mogura2.0,"2026-06-17 15:11:40",972.0,2,mogura20
71,16379555,hikaru_ishihara46,"2026-06-17 16:08:35",970.8,2,hikaruishihara46
72,16375560,mitsuba,"2026-06-17 11:00:27",970.4,2,mitsuba
73,16372411,"Yoshimura Soichiro","2026-06-17 06:46:28",969.6,2,yoshimurasoichiro
74,16380463,"Cerberus Hashimoto","2026-06-17 11:37:22",969.5,2,cerberushashimoto
75,16374634,yukinoka,"2026-06-17 18:05:33",968.4,2,yukiinokaa
76,16383398,"Remi Wynthein","2026-06-17 18:12:38",965.2,2,remiwynthein
77,16373268,"Yoshiki Okayama","2026-06-17 08:34:51",963.9,2,yoshikiokayama
78,16372521,john,"2026-06-17 14:13:35",963.8,2,jaejohn
79,16373511,"Got That Weedle?","2026-06-17 19:18:17",962.2,2,robboyd
80,16376499,"Okada Hiroshi","2026-06-17 12:54:18",962.0,2,okadahiroshi
81,16372698,"Samuel Verneri Ojala","2026-06-16 18:40:33",961.5,2,samuelverneriojala
82,16381505,ryoya,"2026-06-17 16:26:22",959.2,2,ryoya1122
83,16374827,Kityyomu,"2026-06-17 20:22:01",958.9,2,kityyomu
84,16373203,copasta,"2026-06-17 13:39:17",955.4,2,copasta
85,16374251,RyotaroAbe,"2026-06-17 15:52:49",954.3,2,ryotaro45123
86,16379884,Map1e,"2026-06-17 20:07:58",954.2,2,map1e114514
87,16378502,Kohta.F,"2026-06-17 09:31:35",953.9,2,kohtaf
88,16376576,"Manan Gupta","2026-06-17 03:31:38",953.9,2,obirdy
89,16377569,あかくま屋,"2026-06-17 15:07:29",952.3,2,akakumaya
90,16371821,Hawk,"2026-06-17 15:44:09",950.4,2,reo358
91,16372719,HIMIHIMI,"2026-06-17 14:50:07",948.7,2,himihimi
92,16374043,TheDuck,"2026-06-17 06:41:47",945.2,2,jaxroth
93,16373986,"Maxim Simakov","2026-06-17 20:41:05",944.9,2,maxsim73
94,16372692,karacoro,"2026-06-17 14:50:24",942.3,2,karacoro
95,16374469,西松大祐,"2026-06-17 05:23:42",941.6,2,wep212
96,16372176,"Quan Nguyen","2026-06-17 12:11:20",941.2,2,quannguyn12
97,16377226,kawachi,"2026-06-17 20:49:02",940.0,2,"ryu092,yuto5510"
98,16377819,oisho,"2026-06-17 13:49:59",939.7,2,oishoes
99,16371509,Ayodeji,"2026-06-17 11:36:03",939.4,2,ayodejiibrahimlateef
100,16372843,trisector,"2026-06-17 02:06:41",938.9,2,trisector
101,16373284,ktyoku,"2026-06-17 18:47:50",938.8,2,ktyoku
102,16382683,katsuya-pokeca,"2026-06-17 16:22:39",938.8,2,katsuyapokeca
103,16375591,dafujii,"2026-06-17 13:13:02",937.7,2,daikifujii
104,16383515,PavelLiashkov,"2026-06-17 18:32:30",931.7,2,bigbag1983
105,16377364,Heisei,"2026-06-17 09:59:55",930.5,2,heiseimikiko
106,16380112,kenkoooo,"2026-06-17 20:14:01",930.3,2,kenkoooo
107,16378656,kurikuri54,"2026-06-17 14:32:36",927.0,2,kurikuri54
108,16372828,iwashi,"2026-06-17 18:48:57",925.2,2,iwashi
109,16373257,"ЭРАЙПИ ЯНТРАПА ЭРАЙПИ КАРТРАЙТ","2026-06-16 19:54:08",923.8,1,"johnjanson,naladwepo"
110,16373426,Kintaro,"2026-06-17 06:04:00",921.0,2,kintaro03
111,16378218,niino,"2026-06-17 07:52:08",919.4,1,niiino
112,16372634,oji12_king,"2026-06-17 11:06:27",917.5,2,oji12king
113,16373114,"Junichiro Morita","2026-06-17 15:33:03",915.2,2,junichiromorita
114,16380831,coken256kit,"2026-06-17 13:46:49",914.9,2,coken256kit
115,16381250,masat,"2026-06-17 12:37:00",914.9,2,masatttt
116,16371417,yyou97,"2026-06-17 11:14:55",913.9,2,yyou97
117,16378303,suh-sunaneko,"2026-06-17 08:01:21",910.8,2,suhsunaneko
118,16381577,suzutanuki,"2026-06-17 15:26:51",909.2,2,suzutanuki
119,16376179,"David lillie","2026-06-17 03:13:49",907.6,2,davidlillie
120,16372111,"Andrew Lee","2026-06-16 17:51:27",906.9,1,andrewlee23023
121,16372582,"Nur Srijan","2026-06-17 19:32:40",906.9,2,nursrijan
122,16374286,Shanghai,"2026-06-17 14:21:36",905.8,2,kaiyamurakami
123,16380448,fumishiki,"2026-06-17 19:15:42",905.1,1,fumishiki
124,16377187,"Horikita Saku","2026-06-17 10:12:21",905.0,2,horikitasaku
125,16382484,Ayane0111,"2026-06-17 17:02:31",904.4,2,ayane0111
126,16371761,Chikuwabu,"2026-06-17 14:45:04",904.0,2,prgckwb
127,16376002,suk1yak1,"2026-06-17 17:43:39",901.9,2,suk1yak1
128,16373910,nakashima723,"2026-06-17 19:19:40",901.5,2,nakashima723
129,16371620,"Manato TAKAI","2026-06-16 15:14:57",901.2,2,manatotakai
130,16372263,"André Fernandes","2026-06-17 16:39:53",900.5,2,zerocool21
131,16376016,"Parker Morgan","2026-06-17 17:49:06",899.3,2,parkermorgan123
132,16371575,"Kentaro Hirose","2026-06-16 13:49:16",898.6,2,kentarohirose
133,16378370,"uehara riki","2026-06-17 15:59:54",896.0,2,ueharariki
134,16377588,uninc2000,"2026-06-17 05:32:34",893.4,2,uninc2000
135,16377176,"HARUKI HARADA","2026-06-17 17:25:49",893.0,2,harukiharada
136,16380804,"YUSEI SAKAI","2026-06-17 12:52:17",892.1,2,yuseisakai
137,16382828,Testuo&Ryuji,"2026-06-17 18:43:26",891.7,2,"yamamotokenta,yamamotokoji"
138,16376773,hikarimaru,"2026-06-17 13:10:42",891.3,1,hikarimaru
139,16380890,akahane,"2026-06-17 16:20:39",891.2,2,shuheiakahane
140,16371898,platypus2000jp,"2026-06-16 13:55:57",891.0,2,platypus2000jp
141,16373583,"Pokemon Garı Gacıyo","2026-06-17 10:34:42",890.6,2,"ahmedberatozer,alperen5252525,baranakyldz,seyitkaangunes"
142,16382928,kuu🍣,"2026-06-17 18:46:03",890.1,2,fumiyakume
143,16380465,tomworks,"2026-06-17 11:50:32",890.0,2,tomworks
144,16379315,"Ryounosuke Kouriki","2026-06-17 09:37:13",889.7,2,ryounosukekouriki
145,16374407,kakenn,"2026-06-17 20:19:18",885.8,2,kakenn
146,16373209,nakusnakus,"2026-06-17 21:06:21",885.2,2,nakusnakus
147,16380227,8et4,"2026-06-17 17:21:30",885.1,1,lab8et4
148,16372145,"募 kaggle強者 / 譲 ポケカ知 過去ベスト日本64位","2026-06-17 13:45:10",885.1,2,yutori3
149,16371808,Pranay,"2026-06-17 16:14:42",885.0,2,pranay7867
150,16380102,まーやん,"2026-06-17 14:23:40",883.4,2,m3588naa
151,16381200,JackChenghao,"2026-06-17 15:52:22",883.4,2,jackchenghao
152,16376488,Danny,"2026-06-17 19:18:17",883.4,2,dannybc
153,16378130,kinakomochi,"2026-06-17 18:44:52",882.7,2,kinakomochi
154,16376061,Shoto,"2026-06-17 15:05:51",882.7,2,bloodymonday
155,16372449,parthenos,"2026-06-17 16:55:25",882.1,2,nihilisticneuralnet
156,16373934,graybackcat,"2026-06-17 11:43:23",882.0,2,graybackcat
157,16376982,Praxel,"2026-06-17 07:53:04",882.0,2,praxel
158,16371594,"Yunosuke Saito","2026-06-17 02:51:25",881.7,2,yunosukesaito
159,16379869,kekekk,"2026-06-17 09:52:56",881.5,2,kekekk
160,16373136,藤田聖矢,"2026-06-17 16:29:43",880.6,2,emiliasabao
161,16377599,BRIJITH,"2026-06-17 05:14:14",879.9,1,bmp300706
162,16381161,naokichi4869,"2026-06-17 16:13:19",879.4,2,naokichi4869
163,16375680,pensukesan,"2026-06-17 01:27:56",879.1,1,pensukesan
164,16371734,ghostiee11,"2026-06-16 19:57:10",878.8,2,ghostiee11
165,16376710,"HIROYA KIKUCHI","2026-06-17 13:24:19",878.8,2,hiroyakikuchi
166,16376649,ysakuragi,"2026-06-17 15:14:30",878.2,2,ysakuragi
167,16376936,"Tak Jim","2026-06-17 13:07:21",877.4,2,tak3jim
168,16371970,mrk,"2026-06-17 11:20:22",876.5,2,matsubaratakuji
169,16379100,"So Mukaichi","2026-06-17 20:05:31",876.3,2,somukaichi
170,16373133,"takuya noto","2026-06-17 13:35:47",874.9,2,takuyanoto
171,16375106,nd77dn,"2026-06-16 21:22:42",872.9,1,nd77dn
172,16372467,Kuuma5,"2026-06-17 07:12:25",871.6,2,kuuma5
173,16380545,aki,"2026-06-17 16:22:15",870.7,2,akihiroogaya
174,16375281,"Francisco Stahl","2026-06-17 05:41:44",867.7,2,franciscostahl
175,16376735,"Riku Suzuki","2026-06-17 16:49:02",867.4,1,r1cky7
176,16379262,"Naoki Osako","2026-06-17 12:54:54",867.3,2,naokiosako
177,16373461,Aslan168,"2026-06-17 19:39:54",866.8,2,aslan168
178,16380359,"Mysterious Rock Inn","2026-06-17 18:07:00",862.6,2,"jesusarizapo,p0t1t0"
179,16372640,"Hiromi Motodera","2026-06-17 11:15:12",861.9,2,hiromimotodera
180,16382486,Maximiliano,"2026-06-17 19:51:43",860.3,2,maximim
181,16379626,"Ivan Lee","2026-06-17 17:26:32",859.2,2,supermame
182,16382849,水間,"2026-06-17 17:43:34",859.0,2,mijuuu
183,16379897,shunya1135,"2026-06-17 19:22:14",858.8,2,shunya1135
184,16376937,"Jeki Wan Taufik","2026-06-17 06:25:19",858.4,2,jek1wantaufik
185,16382034,"Chua Zheng Wei Brian","2026-06-17 14:42:13",857.5,2,chuazhengweibrian
186,16379915,"SHUBHOJIT NASKAR","2026-06-17 09:27:15",856.4,2,shubhojitnaskar
187,16381874,Blacklions.,"2026-06-17 14:06:42",856.2,1,blacklions
188,16371915,nun,"2026-06-17 13:52:58",856.0,2,ayumusaito
189,16371806,hida1211,"2026-06-17 05:12:10",854.1,2,hida1211
190,16373435,"Ben Desprets","2026-06-17 19:54:25",854.0,2,benjamindesprets
191,16383433,"Kun Zhang","2026-06-17 17:48:14",853.2,2,beicicc
192,16376157,nishiki,"2026-06-17 07:10:38",852.9,1,mnishiki
193,16374279,"Aman Atar","2026-06-17 17:26:10",852.4,1,amanatar
194,16372846,すーぱーひとで,"2026-06-17 07:54:35",851.9,2,dohidohitode
195,16375340,"kento kodama","2026-06-17 17:05:49",851.5,1,"kentokodama,xhiroron"
196,16380444,menace369,"2026-06-17 15:07:41",850.7,2,menace369
197,16381156,taiki,"2026-06-17 12:50:36",850.3,1,taiki95
198,16378082,King-Hal,"2026-06-17 09:30:24",849.7,2,kinghalto
199,16375681,dnish,"2026-06-17 16:18:50",848.9,2,dnishio
200,16382338,"Kers Aoyagi","2026-06-17 19:06:50",848.5,2,kersaoyagi
201,16378737,"yusuke emoto","2026-06-17 12:33:42",848.1,2,yusukeemoto
202,16377518,"Jagannath Athmaraman","2026-06-17 15:16:32",847.7,2,jagannathathmaraman
203,16371294,automatylicza,"2026-06-16 12:17:16",847.6,2,automatylicza
204,16372312,siguremon,"2026-06-17 13:42:00",845.2,2,siguremon
205,16372380,Shun_PI,"2026-06-17 15:50:50",845.1,2,shunrcn
206,16371893,fredpk,"2026-06-17 18:06:00",843.3,2,fredpk
207,16374904,CPAO,"2026-06-17 19:25:40",843.2,2,"jgrimesey,sirfelyne"
208,16374972,hirune924,"2026-06-17 13:19:05",841.9,2,hirune924
209,16383163,yamato498,"2026-06-17 16:05:52",840.8,1,yamato498
210,16372632,YukihiroMaeda,"2026-06-17 13:04:47",840.6,2,yukihiromaeda
211,16381833,にゅーおじ,"2026-06-17 13:40:46",839.9,1,newgameozisan
212,16382673,pompom555,"2026-06-17 15:18:00",839.4,1,pompom555
213,16371923,seven,"2026-06-17 13:47:30",837.6,2,morikawatakeshi
214,16376003,"Ryoma Terazawa","2026-06-17 15:40:16",837.2,2,ryomaterazawa
215,16381506,tototo,"2026-06-17 14:21:53",837.0,2,t0tot0
216,16379857,yk_pokeka,"2026-06-17 16:28:44",836.3,2,ykpokeka
217,16380922,Pokemick,"2026-06-17 17:21:24",836.1,2,vdermick
218,16373370,siman,"2026-06-17 15:47:42",835.6,2,simann
219,16384013,mi22mi,"2026-06-17 20:24:19",835.4,2,mi22mi
220,16377190,mochamocha_Y,"2026-06-17 08:37:45",834.5,2,mochamochay
221,16377857,nakotsuko13,"2026-06-17 16:51:35",834.2,1,nakotsuko13
222,16373761,mage03,"2026-06-16 23:35:52",834.2,2,mage03
223,16372554,"[RU] Nikita Kuznetsov","2026-06-17 07:35:19",834.1,2,nikitakuznetsof
224,16381127,charmq,"2026-06-17 20:05:15",833.9,2,"almondman0707,charmq"
225,16382773,magu,"2026-06-17 17:28:51",833.3,2,magu0914
226,16372921,machapin,"2026-06-16 20:52:01",833.1,1,machapin
227,16376655,"Takuto Nishimine","2026-06-17 15:00:54",830.1,2,takutonishimine
228,16382818,Benjp8,"2026-06-17 17:32:08",829.4,1,benjp8
229,16371777,Ravindra,"2026-06-17 14:10:18",827.6,2,ravi123a321at
230,16372903,"Emre Cirak","2026-06-17 20:12:42",827.0,2,biohack44
231,16375478,Herrmannw,"2026-06-17 19:54:35",825.8,2,herrmannw
232,16383858,"Cheshire Cat","2026-06-17 18:27:00",825.0,1,ytaka23
233,16373998,yusuke0723,"2026-06-17 20:09:27",825.0,2,yusuke0723
234,16374516,persn,"2026-06-17 20:23:48",824.7,2,joeykerp
235,16375387,"Kingsley Compton","2026-06-16 23:53:09",824.1,1,kingsleycompton
236,16378696,Soshosai-Live!,"2026-06-17 07:01:31",824.0,1,"novice1248,sshow14"
237,16376890,"Takanori Abe","2026-06-17 20:45:24",823.7,1,takanoriabe
238,16378099,"Mumtahina Ambrin","2026-06-17 19:51:47",823.1,2,mmummmm
239,16378735,PTCG_CN,"2026-06-17 07:23:44",823.1,1,"gostaryu,kawaiiselphine"
240,16377623,tadashi04,"2026-06-17 10:20:48",822.3,2,tadashi04
241,16371519,"Дворкин Евгений Владимирович","2026-06-17 19:00:02",822.2,2,evgendvorkin
242,16376267,sakupoyoooon,"2026-06-17 07:15:19",819.8,1,sakupoyoooon
243,16377053,Ushimaru,"2026-06-17 15:31:51",819.6,2,behindkun
244,16382867,"Yuto Muroshima","2026-06-17 15:38:37",819.1,2,yutomuroshima
245,16373942,sea8gull,"2026-06-17 17:17:05",818.8,2,sea8gull
246,16382098,TooaimiKa,"2026-06-17 13:49:41",816.1,1,tooaimika
247,16379759,"Keiya Yamashita","2026-06-17 16:40:27",814.4,2,keiyayamashita
248,16372445,ADS,"2026-06-17 20:20:33",814.4,2,hiro0920
249,16381108,"Aoi Umigishi","2026-06-17 20:54:24",812.8,2,aoiumigishi
250,16383532,kibake,"2026-06-17 19:36:31",811.6,1,kibake
251,16376133,viss,"2026-06-17 13:36:56",811.0,2,vissdonn
252,16372647,monst_dama,"2026-06-17 01:15:10",809.8,2,monstdama
253,16378225,greySnow,"2026-06-17 17:57:09",808.9,2,shlomoron
254,16374350,islet,"2026-06-16 20:00:05",808.8,2,kojimar
255,16377684,"Pilkwang Kim","2026-06-17 09:36:36",806.2,2,pilkwang
256,16371673,Senn88,"2026-06-17 12:01:43",806.1,2,senn88
257,16373075,"Naoki Okuda","2026-06-17 16:29:21",805.6,1,naokiokuda
258,16374035,"Jack Wilson","2026-06-17 04:15:17",805.0,2,jackvwilson
259,16371969,Latitu,"2026-06-17 14:28:51",804.9,2,latitu
260,16380522,ToMo,"2026-06-17 11:22:14",803.8,1,tomohiroh
261,16378278,keitaro_nakashima,"2026-06-17 12:10:37",803.3,1,keitaronakashima
262,16375546,\bleel00,"2026-06-17 14:51:30",803.2,2,bleel00
263,16374816,"Nathan Arellano","2026-06-17 19:21:09",802.7,2,nathanarellano
264,16377835,"Seok, Jeongeum","2026-06-17 11:08:04",800.9,2,seokjeongeum
265,16376420,MakiMakiAi,"2026-06-17 14:08:19",798.9,2,makimakiai
266,16373348,dmiyabe,"2026-06-17 15:56:56",798.3,2,dmiyabe
267,16372460,"Samyakraj Bayar","2026-06-17 17:29:44",798.1,2,samyakrajbayar
268,16378429,lihaha.36,"2026-06-17 12:48:05",798.0,2,lihaha36
269,16375480,kidekikish,"2026-06-17 08:08:28",797.3,2,kidekikish
270,16375552,yousan,"2026-06-17 16:04:51",797.0,2,ayousanz
271,16381882,NightDeer2017,"2026-06-17 17:18:00",796.9,2,nightdeer2017
272,16382244,ryo-na,"2026-06-17 16:32:31",794.9,2,ryona0123
273,16376714,atom1231,"2026-06-17 07:25:23",794.3,2,atom1231
274,16373535,"yuji y","2026-06-17 12:29:40",793.5,2,yujiyyy
275,16375679,HanaMew,"2026-06-17 11:53:27",793.1,1,hanamew
276,16372365,Nono,"2026-06-17 00:20:02",792.8,1,non012
277,16375428,kjdevaccount,"2026-06-17 04:31:50",792.5,1,kjdevaccount
278,16376326,Pacomin,"2026-06-17 05:43:38",792.1,2,pcmn1000
279,16372118,"Nao Komura","2026-06-17 07:36:01",791.7,2,naokomura
280,16376790,"Hiểu Vy","2026-06-17 11:35:46",791.1,2,thangnm1
281,16373781,Hamu.py,"2026-06-17 20:23:26",790.8,2,hamupy
282,16371547,"WOOSUNG YOON","2026-06-16 12:39:45",790.5,1,woosungyoon
283,16383215,holyholy,"2026-06-17 20:07:41",787.4,2,holy5contents
284,16376802,Metamor,"2026-06-17 09:21:13",787.3,1,metamormc
285,16379713,palsanp,"2026-06-17 09:05:39",787.1,1,palsanp
286,16374192,juice-le,"2026-06-17 09:23:50",786.8,2,juicele
287,16374884,Funky,"2026-06-17 11:36:06",785.9,2,super13579
288,16378655,tokawa2997,"2026-06-17 09:28:58",785.9,2,tokawa2997
289,16381017,stevenleehans,"2026-06-17 19:07:05",785.2,2,stevenleehans
290,16376228,"Hondo Tamez","2026-06-17 12:07:37",784.5,2,hondotamez
291,16375115,KenLatte,"2026-06-17 18:11:26",783.7,2,kenkudo
292,16371976,"Been Seo","2026-06-17 15:12:41",783.6,2,beenseo
293,16377745,MECHINE,"2026-06-17 08:25:58",783.4,2,nainglinwai
294,16378351,ララ！ラボ,"2026-06-17 15:56:30",782.8,2,"akaaku,jokato"
295,16371774,町田遥裕,"2026-06-17 04:33:45",782.3,2,zibamu
296,16381336,adakoda,"2026-06-17 12:38:23",781.1,2,adakoda
297,16376360,"Md. Hamid Hosen","2026-06-17 15:27:05",781.0,2,hosen42
298,16376399,kashort,"2026-06-17 09:36:53",780.9,2,kashort
299,16376347,shushu3,"2026-06-17 12:27:47",779.6,2,shushu3
300,16378074,unprosaiclabyrinth,"2026-06-17 06:53:48",779.5,2,unprosaiclabyrinth
301,16374441,"Finlay Anderson","2026-06-17 01:00:15",779.1,2,finlayanderson
302,16373240,hattori88,"2026-06-17 14:31:57",778.8,2,soichirohattori88
303,16373470,"Osamu Ikeda","2026-06-16 15:43:28",778.6,1,osamuikeda
304,16383828,"Electro Knight","2026-06-17 20:00:42",778.5,2,electroknight
305,16380153,gonbe,"2026-06-17 18:53:37",778.2,2,gonbe99
306,16375215,mewworldorder,"2026-06-17 20:51:33",777.8,2,xiaoxiaomichaellong
307,16380526,minasehiro,"2026-06-17 15:41:21",775.2,2,minasehiro
308,16377801,shige,"2026-06-17 20:07:26",774.9,2,shigechan
309,16376489,KanNinomiya,"2026-06-17 04:00:35",773.7,2,kandotrun
310,16373956,tsumuit,"2026-06-17 01:09:44",773.0,2,tsumuit
311,16379071,haru0707,"2026-06-17 16:54:57",772.9,2,haru0707
312,16379700,Skyscraver,"2026-06-17 10:52:56",772.9,1,jamesccc
313,16372988,ken4500,"2026-06-17 17:13:42",772.6,2,ken4500
314,16375493,"Roman Rozen","2026-06-17 21:12:42",771.9,2,romanrozen
315,16378176,"hosaka kodai","2026-06-17 07:26:54",771.7,1,hosakakodai
316,16382745,立て板に水,"2026-06-17 19:42:46",770.9,2,tateitamizu
317,16378645,小山佳祐,"2026-06-17 08:34:14",770.2,2,keisukefbr
318,16383019,misaki,"2026-06-17 17:19:56",770.2,2,"misakima,sausukei"
319,16372578,TERUTERU,"2026-06-17 18:48:26",770.1,2,monz65
320,16381098,orchidee8081,"2026-06-17 13:57:36",769.5,1,orchidee8081
321,16376653,PolskaHerbata,"2026-06-17 13:28:10",769.2,1,takayukiimoto
322,16375865,Bigree,"2026-06-17 12:22:47",769.1,2,jmrbx767
323,16375522,"Toshiki Shinju","2026-06-17 20:42:27",768.8,1,toshikishinju
324,16376032,"win a real gold medal","2026-06-17 01:05:17",768.4,2,aizealotwu
325,16372994,Marron22246,"2026-06-17 18:54:59",768.3,2,marron22246
326,16375597,"Muhammad Ibrahim Qasmi","2026-06-16 23:55:33",768.0,1,ibrahimqasimi
327,16371609,"Team Rocket","2026-06-17 16:30:16",766.6,2,"drriddles,fufufukakaka,yamiko835"
328,16371792,"Shunsuke Kurita","2026-06-17 05:26:19",766.4,2,shunsukekurita
329,16373707,VMelville,"2026-06-17 18:33:43",766.2,2,vmelville
330,16382600,"Emanuel Perez","2026-06-17 16:04:33",765.8,2,emanperez28
331,16372793,"Kazuyoshi SUZUKI","2026-06-16 14:29:00",765.3,2,kazuyoshisuzuki
332,16379345,0xWhalet,"2026-06-17 11:11:49",764.6,2,whalet
333,16377605,makimakiver,"2026-06-17 13:43:26",764.6,2,yutakashibata
334,16375487,sakimyto,"2026-06-17 03:17:40",763.2,2,sakimyto
335,16373867,tomoki225255,"2026-06-17 01:46:46",762.6,1,tomoki225255
336,16373361,Kohenyan,"2026-06-17 15:13:52",762.2,1,k0henyan
337,16378613,"pankit kumar","2026-06-17 17:59:39",762.2,2,pankitkumar
338,16374746,Yuzuki,"2026-06-17 16:59:36",761.8,1,yuzukiohya
339,16373842,"Anirudh K","2026-06-17 13:41:21",761.7,2,anirudhk
340,16377739,"Anna Wood","2026-06-17 16:32:42",761.1,2,annawood1
341,16375221,PokeBotty,"2026-06-17 20:53:54",760.6,2,pokebotty
342,16376434,StackKnight,"2026-06-17 15:33:12",760.0,2,stackknight
343,16382408,YusukeKatoPremium,"2026-06-17 16:24:00",759.5,2,yusukekatopremium
344,16378484,"AKIYA NAKASATO","2026-06-17 09:26:41",758.4,2,akiyanakasato
345,16379986,yasuna,"2026-06-17 10:56:20",758.1,1,yasuna
346,16371996,おちゃ,"2026-06-17 14:13:42",757.5,2,ocha4728
347,16381527,masaxsuzu,"2026-06-17 13:27:25",757.3,1,masaxsuzu
348,16375769,没落者,"2026-06-17 14:42:47",756.8,2,needless090
349,16381980,Shizk2205,"2026-06-17 18:14:54",756.7,2,shizk2205
350,16373068,shyGnome3,"2026-06-16 15:39:58",756.6,2,shygnome
351,16377175,kiyu,"2026-06-17 14:24:22",756.4,2,caimiac
352,16374973,"lopunny's lovers","2026-06-17 17:40:32",756.4,2,mob404
353,16380120,"YUTO ASAI","2026-06-17 10:49:37",755.5,2,yu2403
354,16381675,"Amon Kizawa","2026-06-17 17:35:06",755.5,2,amonkizawa
355,16372976,Hishi057,"2026-06-17 12:30:18",754.8,2,hishi057
356,16376869,lingyu07,"2026-06-17 03:29:02",754.7,2,lingyu07
357,16376085,y.saito,"2026-06-17 13:50:59",754.0,2,johntronik
358,16378723,CYLIM87,"2026-06-17 14:57:31",753.4,2,cylim87
359,16375770,Condor,"2026-06-17 11:41:33",752.4,2,ryoyaiwatsu
360,16382053,yoshi2no,"2026-06-17 13:47:34",751.9,1,yoshi2no
361,16373070,RenjieWei,"2026-06-17 19:20:39",750.6,2,renjiewei
362,16376359,"Trevor Bernhard","2026-06-17 08:14:22",750.4,2,trevorbernhard
363,16379426,works.management,"2026-06-17 10:50:24",749.5,2,worksmanagement
364,16377296,monao462,"2026-06-17 11:13:08",749.1,2,monao462
365,16382021,yamamon,"2026-06-17 15:29:31",749.0,1,yamamon
366,16375634,shuheitagawa,"2026-06-17 10:54:30",748.6,2,shuheitagawa
367,16380547,vdthcmus123,"2026-06-17 14:34:40",747.4,2,envyy23120093
368,16377595,Mark`n,"2026-06-17 06:06:14",746.5,2,masarusanada
369,16382248,うつせぎ,"2026-06-17 14:52:29",746.1,2,utsusegi
370,16375377,Mymonaka,"2026-06-17 14:44:50",745.4,1,icemonaka
371,16375306,"Brandon Ellis","2026-06-17 05:41:14",744.9,2,theultimateabsol
372,16380136,jongyoon,"2026-06-17 12:53:50",744.4,2,codebricks
373,16373881,Chunibyo,"2026-06-17 04:05:49",743.9,1,chunibyo
374,16377852,nakano?neru?maru?ruru,"2026-06-17 11:42:44",743.4,2,nuru2zm
375,16372267,Kendamarron,"2026-06-17 09:46:22",743.1,2,kazuhirokuriyama
376,16373150,KTG,"2026-06-17 04:21:24",742.3,2,kg2500
377,16373843,okayu777,"2026-06-17 11:37:08",741.7,2,okayu777
378,16378360,"ABC Leokin-TV","2026-06-17 06:37:00",741.3,2,abcleokintv
379,16377090,ODers,"2026-06-17 09:23:06",740.7,2,"kekevin,tonypai"
380,16377095,miura-iori,"2026-06-17 07:54:50",740.4,1,miuraiori
381,16373184,"Yuki Tani","2026-06-16 16:44:14",740.0,1,yukitani
382,16378759,Matsuda040708,"2026-06-17 07:19:38",739.9,1,matsuda040708
383,16378299,いけじゅん,"2026-06-17 15:52:36",739.2,2,ikejun
384,16381281,"Akito Matsuyama","2026-06-17 18:03:18",739.0,2,akitomatsuyamasuu
385,16375790,"Matthew Potteiger","2026-06-17 00:55:21",738.7,1,matthewpotteiger
386,16376017,松本健太,"2026-06-17 11:54:48",738.6,2,kentamatsumoto1211
387,16380658,世界のたまちゃん,"2026-06-17 15:26:43",737.3,2,sekatama
388,16374798,"Rishav Dutta","2026-06-17 19:28:43",737.0,2,dutta64
389,16374875,Morcillones,"2026-06-16 21:51:30",735.4,2,"davidbacasposadas,ismaelsallamimoreno,jugabe24,julincarrin,xjoseangel"
390,16381246,Ultra7,"2026-06-17 17:13:44",735.0,2,yammyd
391,16378628,satory074,"2026-06-17 12:10:47",732.7,1,satory074
392,16375843,"Ben Malaga","2026-06-17 14:54:00",732.4,2,benmalaga
393,16382331,"Yunus Emre Sarıduman","2026-06-17 18:50:51",732.3,2,emresariduman
394,16379966,akay,"2026-06-17 10:30:30",732.0,1,keonevans
395,16381261,hayle60,"2026-06-17 17:37:16",731.7,2,hayle60
396,16377386,loxonin,"2026-06-17 06:14:53",731.7,2,loxonin
397,16377030,oggata,"2026-06-17 04:19:31",730.8,1,fumitoshiogataoggata
398,16383933,namachiya,"2026-06-17 19:35:16",730.6,1,namachiya
399,16372261,k_tomo,"2026-06-17 15:06:49",729.9,2,whitelily
400,16376339,kazusw,"2026-06-17 07:31:29",728.1,1,kazusw
401,16381228,"Yuki Yanagi","2026-06-17 15:20:57",728.0,2,yyanagiras
402,16377876,rｍrm129,"2026-06-17 10:49:43",727.6,1,rrm129
403,16378246,夜鷹ねりあ,"2026-06-17 06:31:41",726.9,1,yatakaneria
404,16375082,CaRuff,"2026-06-17 19:13:18",726.4,2,caruff
405,16380307,Awajima,"2026-06-17 12:15:23",725.6,2,awajima
406,16382493,RyotaNakajima,"2026-06-17 16:11:13",725.6,1,ryotanakajimazzz
407,16371632,ぽここあ,"2026-06-17 15:33:51",724.2,2,cocoaai
408,16375704,Kazeneko,"2026-06-17 18:37:21",724.0,1,kazeneko77
409,16373277,cherlilly,"2026-06-17 19:20:17",723.8,2,cherlilly
410,16378975,"Jhu, Jhe-Yi","2026-06-17 08:17:05",723.7,1,jhujheyi
411,16372065,"Chekhlov Dmitrii","2026-06-16 16:27:39",723.3,2,zoli800
412,16380504,"Tsubasa Kanno","2026-06-17 11:31:11",722.1,1,tsubasatech
413,16371604,pham,"2026-06-17 13:38:32",721.9,2,phamworks
414,16375854,"kominami youtube","2026-06-17 04:53:01",720.4,2,kominamiyoutube
415,16378249,GENGARDEV,"2026-06-17 20:07:08",719.9,2,gengardev
416,16371611,gosu.Kouts,"2026-06-16 21:57:20",719.4,2,gosukouts
417,16371971,teruyukikato,"2026-06-17 14:54:47",718.3,2,teruyukikato
418,16371627,laddaL,"2026-06-16 16:36:14",717.6,2,tkitagaw
419,16372496,"Yuya Shintani","2026-06-17 03:33:34",716.4,2,uplus26e7
420,16372861,"Andreas Palmgren","2026-06-17 05:46:32",715.7,2,andreaspalmgren
421,16376293,"The Rocket Science","2026-06-17 13:58:47",715.5,2,caryan
422,16377326,iruka4444,"2026-06-17 05:07:54",714.0,1,iruka4444
423,16374893,"Brian Altan","2026-06-17 05:36:03",712.4,2,brianaltan
424,16381864,"Jiachen Li","2026-06-17 13:48:55",712.3,2,llccqq624
425,16374846,"Tomoya Otani","2026-06-17 05:30:06",712.1,2,tomoyaohtani
426,16382574,miyajiyuta,"2026-06-17 20:13:38",712.1,2,miyajiyuta
427,16371435,"Suzuki Mari","2026-06-17 10:04:56",711.1,2,suzukimari
428,16373041,okadayuki,"2026-06-17 10:48:00",710.9,2,okada2023
429,16378610,600505-ศิวกร,"2026-06-17 09:04:30",710.2,2,siwakornseeswan
430,16373130,"Jeffrey Pike","2026-06-17 19:56:01",708.8,2,jeffreypikeai
431,16377962,Javakky,"2026-06-17 16:34:35",707.4,2,javakky
432,16371414,"PRANAY MANE ","2026-06-17 16:52:11",707.2,2,mpranay53
433,16374318,shim,"2026-06-16 18:33:31",707.0,1,shimky
434,16373538,原田龍馬,"2026-06-17 18:40:09",706.8,2,hryoma
435,16382702,kawasaki12,"2026-06-17 15:27:41",706.4,2,titanic12
436,16373993,"Kohei #2","2026-06-17 16:29:51",706.4,2,koheiterashita
437,16373205,YAKIIMO3,"2026-06-17 12:46:26",706.1,2,yakiimo3
438,16383673,Banjo,"2026-06-17 20:46:25",704.8,2,banjtheman
439,16378592,k66,"2026-06-17 11:13:46",702.5,2,k66ninja
440,16372486,OBS$E$SED,"2026-06-17 15:10:44",702.1,1,fanhuaiyuan
441,16378846,"Prify Philip","2026-06-17 08:56:24",701.9,1,amchuz
442,16380732,"TABOUT MHAMED","2026-06-17 14:04:14",701.7,2,taboutmhamed
443,16382451,Libra,"2026-06-17 16:01:16",701.0,2,libra2924
444,16376871,"jesus riva","2026-06-17 17:34:11",700.5,2,jesusriva
445,16372576,kyulkyu,"2026-06-17 12:05:25",699.3,2,kyulkyu
446,16380567,"Chattso-GPT (Yasuhito Yanagisawa)","2026-06-17 15:50:07",699.1,2,yasuhitoyanagisawa
447,16377504,Luo,"2026-06-17 06:48:56",698.7,2,chaoqiluo7
448,16382215,"Tatsuya Goto","2026-06-17 14:12:53",698.1,1,tatsuyagoto
449,16379996,nya000000n,"2026-06-17 17:21:26",697.6,1,nya000000n
450,16383357,"Sholtis Labs","2026-06-17 20:42:10",696.7,2,sholtislabs
451,16376129,"tahara shouki","2026-06-17 06:08:46",696.6,2,taharashouki
452,16381433,"Dick Jessen William","2026-06-17 16:59:25",696.5,2,dickjessenwilliam
453,16380828,フクフク,"2026-06-17 12:44:42",696.1,2,hukuhukuchandayo
454,16380862,Chenstillstude,"2026-06-17 15:36:39",696.0,2,"chenstillstude,jevanmarcelius"
455,16375925,Kensei,"2026-06-17 09:04:19",695.6,2,kenskens
456,16376345,"Xiaolei Lian","2026-06-17 10:02:52",695.6,2,xiaoleilian
457,16377470,"Pranesh Jayasundar","2026-06-17 07:03:03",695.5,1,praneshjayasundar
458,16373290,r_4vk,"2026-06-17 02:56:37",695.1,1,shibata130
459,16375648,"Natsuki Kasubata","2026-06-17 17:15:19",694.8,2,natsukikasubata
460,16377790,NSK,"2026-06-17 09:49:02",694.8,2,nasuka
461,16371851,heart_mugi,"2026-06-17 16:48:39",694.4,2,heartmugi
462,16381823,"Yushin Ito","2026-06-17 16:55:53",694.0,2,yushin505
463,16382768,谷藤修士朗,"2026-06-17 20:00:20",693.4,2,tanitou
464,16381283,oideyo_shibamata,"2026-06-17 15:58:22",693.1,2,oideyoshibamata
465,16381213,Mojumbo,"2026-06-17 19:53:58",693.1,2,mojumbo
466,16380990,"YUTO KOJIMA","2026-06-17 14:46:19",693.1,2,kojimatech
467,16377655,"Yiwang Chen","2026-06-17 14:15:16",692.0,2,fsiceangel
468,16380163,HomurA_gg,"2026-06-17 12:39:37",691.3,2,homuragg
469,16372819,CIARANA,"2026-06-17 17:38:08",690.8,2,ci4r4n4
470,16380578,mcw999,"2026-06-17 12:13:27",690.8,2,mcw999
471,16378235,SuperNorman,"2026-06-17 20:54:06",690.3,2,supernorman
472,16379397,"Takuma Ishii","2026-06-17 15:56:09",689.9,2,takumaishii
473,16374256,Hayauchiwasabi,"2026-06-17 09:39:55",689.4,2,kaiikeda
474,16375982,elroy3141,"2026-06-17 05:35:26",689.1,1,elroy3141
475,16371937,"Ryuto Yoda","2026-06-17 03:01:57",689.0,2,ryutoyoda
476,16380183,Lesiu,"2026-06-17 20:05:53",688.9,2,klesik
477,16372132,"Masahiro Nagasawa","2026-06-17 08:46:15",688.7,2,masahironagasawaa
478,16377610,prime,"2026-06-17 10:47:40",688.1,1,masaakitakane
479,16382045,Mamo,"2026-06-17 14:11:49",688.1,1,oobashuto
480,16371549,"Kunal Aarse","2026-06-17 05:23:20",687.7,1,kunalinfinite
481,16374801,ZEZE,"2026-06-17 20:09:15",687.6,1,"danielcecim,joovitorpires"
482,16381461,"Jales Ferreira","2026-06-17 13:45:57",686.9,1,jalesferreira
483,16380700,KK_1999,"2026-06-17 11:31:32",686.9,2,thebigfundamental
484,16380411,Pepper_NXT,"2026-06-17 10:35:32",686.7,1,peppernxt
485,16373931,"Yaroslav kholmirzayev","2026-06-17 11:37:41",686.7,2,yaroslavkholmirzayev
486,16374710,Hiryu,"2026-06-17 01:19:42",686.4,2,kusurizuke
487,16379822,ojisann,"2026-06-17 12:01:45",683.7,2,ojisann
488,16375173,pztriatomic,"2026-06-17 16:30:10",683.1,2,pztriatomic
489,16371677,TMiki,"2026-06-17 14:33:40",682.5,1,tomohiromiki
490,16373375,denden,"2026-06-17 18:40:50",682.4,2,norichtorich
491,16376243,EfReI,"2026-06-17 16:00:14",681.6,1,"itoasahi,michiakimese"
492,16383501,"Tokiya Osuka","2026-06-17 20:32:28",681.6,2,tttocklll
493,16377066,俺達何え?チームcudgk,"2026-06-17 11:09:17",681.3,2,nipasama
494,16375384,"Alfonso Sánchez","2026-06-17 21:04:26",680.3,2,alfonso1799
495,16383204,StephenNedumpally,"2026-06-17 16:46:07",678.2,1,stephennedumpally
496,16379775,"Ryutaro Murayama","2026-06-17 15:50:50",678.0,2,ryutaromurayama
497,16382170,kaliafluorido,"2026-06-17 17:41:59",677.1,2,kaliafluorido
498,16373838,"Dan Ah Tou","2026-06-17 20:58:12",676.3,2,dlahtou
499,16381254,"Shingo Kotake","2026-06-17 12:29:47",675.8,2,shingokotake
500,16376887,ktk,"2026-06-17 12:31:41",675.7,2,ktk309872
501,16375459,niimi_kaggle,"2026-06-17 16:55:15",675.5,2,niimikaggle
502,16375095,Lleyaghm,"2026-06-17 09:45:04",674.8,2,liamhuntswe
503,16371578,Jimmer,"2026-06-16 13:33:16",674.2,2,przemysawonr
504,16376176,Kakeru,"2026-06-17 06:41:58",673.9,2,kakeruyoshinaga
505,16375080,"Adrian Dubois","2026-06-16 21:58:44",673.5,1,adriandubois
506,16381038,kuto,"2026-06-17 15:43:04",672.2,1,kuto0633
507,16372708,TidalBuckeye,"2026-06-16 14:30:12",671.5,1,tidalbuckeye
508,16374190,"aa mujou","2026-06-17 15:56:10",670.7,2,aamujou
509,16374024,ipruning,"2026-06-17 10:44:27",670.6,2,ipruning
510,16377630,岩田泰久,"2026-06-17 13:46:59",670.2,2,yasuhisaiwata
511,16377668,Miyama,"2026-06-17 06:38:13",670.2,2,miyama9314
512,16372910,s2terminal,"2026-06-17 15:44:05",670.2,2,s2terminal
513,16375728,TmT,"2026-06-17 09:28:59",669.5,2,tamotamo
514,16381952,trow126,"2026-06-17 16:13:26",669.1,2,trow126
515,16380646,mmasato,"2026-06-17 14:20:02",669.0,2,mizogakimasato
516,16380293,FOYSAL,"2026-06-17 10:04:55",668.4,1,foysalemonshanto
517,16372207,"Xuan Zhang","2026-06-17 15:10:42",668.2,1,xuanzhang001
518,16379587,"Mohammad Hatoum","2026-06-17 11:59:44",668.0,2,mohammadhatoum
519,16375840,"kumakura tomoya","2026-06-17 20:48:20",667.8,2,kumakuratomoya
520,16382323,Noalith,"2026-06-17 16:55:28",667.7,2,noalith
521,16376033,shimacos,"2026-06-17 18:07:06",667.1,2,shimacos
522,16372980,"Yuminosuke Sato","2026-06-17 02:47:29",666.3,2,yuminosukesato
523,16372973,gggggggg0g0,"2026-06-17 14:23:24",666.3,2,gggggggg0g0
524,16382181,shuto_shizuku,"2026-06-17 14:35:41",666.1,1,shutoshizuku
525,16381685,新松戸ポケカ研究所,"2026-06-17 15:49:48",665.2,1,"wab2nd,yanbaru"
526,16373786,taichi-1,"2026-06-16 17:01:29",664.4,2,taichiiskw
527,16381981,patamaru,"2026-06-17 14:13:24",662.8,1,patamaru
528,16378344,yuki16,"2026-06-17 06:32:22",662.6,1,yuki16
529,16380626,"Shishio Makoto","2026-06-17 10:51:16",662.3,1,shishiomakoto
530,16374588,daniel,"2026-06-17 04:54:19",661.7,2,danielqing
531,16376456,"Ryota Matsuki","2026-06-17 06:55:02",660.7,2,budoto
532,16382115,BluezLee,"2026-06-17 14:01:32",660.3,1,bluezlee
533,16377372,齋藤壮汰,"2026-06-17 09:35:01",660.3,2,samaru0521
534,16377499,fujiborozoukin,"2026-06-17 07:37:45",659.2,2,fujiborozoukin
535,16373611,"Koshiro Yasuyama","2026-06-17 13:54:38",658.9,2,koshiroyasuyama
536,16379593,"Mathurin Ache","2026-06-17 19:00:27",658.3,2,mathurinache
537,16376942,ulaph4,"2026-06-17 14:55:50",657.9,2,ulaph4
538,16384416,ohnuma,"2026-06-17 20:20:05",656.3,1,ohnuma00
539,16373432,トルスケ,"2026-06-17 15:39:01",655.0,1,torusuke
540,16379119,tantk7,"2026-06-17 13:20:06",654.0,1,tantk7
541,16374400,"Matthew Huang","2026-06-17 15:27:43",653.5,1,matthewwh
542,16372993,tubotu,"2026-06-17 18:01:50",652.9,2,tubotu
543,16381625,podenco,"2026-06-17 15:08:18",652.8,2,podenco
544,16372916,Ichigo_E,"2026-06-16 15:50:10",652.7,1,ichigoe
545,16377191,LaiCxm,"2026-06-17 13:01:54",652.6,2,laicxm
546,16381007,"TTU Thome","2026-06-17 16:01:52",652.3,2,ttuthome
547,16378268,atayanZ123,"2026-06-17 14:02:31",652.3,1,atayanz123
548,16382443,berry8192,"2026-06-17 18:34:20",652.0,2,berry8192
549,16375970,サム・マウンテンマン,"2026-06-17 11:35:53",651.5,2,higa414
550,16380232,"rin araya","2026-06-17 12:02:23",651.4,2,rinaraya
551,16372299,YYma1201,"2026-06-17 13:11:03",651.3,1,yyma1201
552,16373297,"Belati Jagad Bintang Syuhada","2026-06-17 07:53:25",651.3,1,belati
553,16378242,Lkry_yoo,"2026-06-17 07:00:50",651.1,1,lkryyoo
554,16382502,yuta_muds,"2026-06-17 15:58:55",650.6,2,yutamuds
555,16374074,"Octavi Grau","2026-06-17 17:23:46",650.1,1,octaviograu
556,16375573,m09855,"2026-06-17 11:26:20",649.7,2,m09801
557,16382530,lilylily26,"2026-06-17 21:01:09",649.4,2,lilylily26
558,16377601,"Satoshi Haimura","2026-06-17 11:58:51",649.2,2,satoshihaimura
559,16371544,syamoji141,"2026-06-17 16:00:12",648.7,2,syamoji141chan
560,16377520,sh1kuwasa,"2026-06-17 17:09:29",648.6,2,sh1kuwasa
561,16372335,"Baidalin Adilzhan [dsml.kz]","2026-06-17 04:35:46",648.1,2,baidalinadilzhan
562,16383280,ChillR,"2026-06-17 19:33:43",646.4,2,chillr
563,16371476,porply,"2026-06-17 02:50:44",644.1,2,porply
564,16378059,yuna5577,"2026-06-17 08:50:54",643.7,2,yuna5577
565,16381848,Kerusu1984,"2026-06-17 13:37:50",643.0,1,kerusu1984
566,16373541,실험용생쥐,"2026-06-17 06:52:12",642.9,2,picapicafe
567,16372292,yamy893,"2026-06-17 08:00:33",641.4,2,yamy893
568,16373408,Valkyrja,"2026-06-17 16:56:10",641.0,2,valkyrja3607
569,16377823,"yoichi setoyama","2026-06-17 15:28:40",640.1,2,yoichi0839
570,16381449,kouta0226,"2026-06-17 14:06:16",639.4,1,kouta0226
571,16381016,"soba sobasoba","2026-06-17 17:07:22",638.8,2,sobasobasoba
572,16377729,jeruman,"2026-06-17 13:00:41",638.5,2,jeruman
573,16372540,A.Ishibashi,"2026-06-16 13:48:16",638.0,1,akihiroishibashi
574,16378194,孤独のコーヒー,"2026-06-17 13:22:10",637.5,2,solitarycoffee
575,16377101,"Ahmet Abdullah Gültekin","2026-06-17 10:23:08",637.4,2,"abdullahgultekin,glsmgltkn"
576,16377208,"Baker Jackson","2026-06-17 16:00:42",637.0,2,bakerjackson
577,16378873,Miniac,"2026-06-17 20:29:40",636.7,2,henrycai12
578,16382262,"Alessandro Campolo","2026-06-17 17:05:08",636.7,2,alessandrocampolo610
579,16378944,CoCoSh,"2026-06-17 15:33:26",636.2,2,cocosh
580,16379853,naoki,"2026-06-17 15:14:25",635.9,2,naoki777
581,16381138,yk724985,"2026-06-17 15:06:20",635.5,2,yk724985
582,16373189,"Hung Sheng Shih","2026-06-17 07:43:02",635.3,2,hungshengshih
583,16377875,"Atom McCree","2026-06-17 06:28:11",635.2,2,atommccree
584,16382539,"Katsuhito Muroi","2026-06-17 15:18:58",635.0,1,katsuhitomuroi
585,16373978,Halcy8312,"2026-06-17 05:14:47",634.8,2,halcy8312
586,16377292,nogu,"2026-06-17 13:35:54",633.5,2,yutanoguchi
587,16382835,Pietro,"2026-06-17 16:33:10",632.1,2,pietro002
588,16372826,"Roman Tamrazov","2026-06-16 18:29:36",630.9,2,romantamrazov
589,16376273,"Josh Greiff","2026-06-17 17:39:59",630.7,2,joshgreiff
590,16372343,sawasawasawa,"2026-06-17 15:22:24",630.6,2,yukisawamura
591,16372636,いせえび,"2026-06-17 19:46:34",630.3,2,iseeebi
592,16380554,Kazuki.kkkoizumi,"2026-06-17 14:46:12",630.3,2,kazukikkkoizumi
593,16375535,Ryon,"2026-06-17 14:30:28",630.0,2,ryonzhang36
594,16380895,"Sota Uchiyama","2026-06-17 11:52:32",629.8,1,sotauchiyama
595,16373379,"Mogja J","2026-06-17 19:24:48",629.7,2,mogjaj
596,16377039,"Ricky Yuen","2026-06-17 19:16:36",629.7,2,yuenricky
597,16375987,quwon_000,"2026-06-17 18:36:31",629.5,1,quwon000
598,16381274,MCH,"2026-06-17 16:02:05",629.0,2,"gamesenmu,henonun,tarumikei"
599,16376460,"Takeshi Tanno","2026-06-17 15:16:59",627.5,1,takeshitanno
600,16380569,natz,"2026-06-17 11:12:36",627.2,2,natz01
601,16377068,"Zero Coke","2026-06-17 07:01:42",627.0,1,zer0coke
602,16372510,SHUN_04,"2026-06-17 20:53:25",626.0,2,yshunt
603,16382280,oooooootu,"2026-06-17 16:40:59",626.0,2,oooooootu
604,16371758,"Abdul Wahab Khan","2026-06-16 12:59:43",624.9,1,abdulwahab2321
605,16381075,hymn_fun,"2026-06-17 16:12:42",624.9,2,hymnfun
606,16372011,Azalearn,"2026-06-17 05:37:42",624.6,2,androidss
607,16373215,Reinhard,"2026-06-17 17:57:50",624.4,2,trainhard
608,16371465,"Charismatic Pizza Party🍕","2026-06-16 23:35:12",624.1,2,debugendless
609,16372832,"Dian Deng","2026-06-17 14:21:05",623.7,2,diandeng
610,16376531,"Toshiyuki Otake","2026-06-17 14:19:46",622.7,2,toshiyukiotake
611,16379911,KanngaiAgriculture,"2026-06-17 10:03:59",622.7,2,kanngaiagriculture
612,16381245,"Bolt Up","2026-06-17 14:11:19",619.1,2,boltup
613,16374974,KennethBryan13,"2026-06-17 13:47:47",618.4,2,kennethbryan13
614,16381346,MKTRIP,"2026-06-17 14:27:23",618.2,1,koheikamijima
615,16379220,"AJINKYA CHINTAWAR","2026-06-17 14:43:42",617.8,2,ajinkyachintawar
616,16381522,waticson,"2026-06-17 12:49:55",617.8,1,yutodennou
617,16372541,"Evex Developers","2026-06-16 18:47:18",617.0,2,"del=5942c8061baf72a5,edamamex"
618,16378050,TAKESHI7676,"2026-06-17 08:49:30",616.3,2,takeshi7676
619,16372348,"masahiro katayama","2026-06-17 16:13:14",616.2,2,masahiro2007
620,16375654,REi0077,"2026-06-17 12:57:43",615.5,2,rei0077
621,16380332,"Oikawa Kota","2026-06-17 15:03:24",615.3,1,oikawakota
622,16371320,"(ノ◡ <)","2026-06-17 19:02:16",615.3,1,nawfeelrahman1124444
623,16383293,AK,"2026-06-17 17:09:45",614.5,2,aksi23412
624,16382001,NecromanAlbert,"2026-06-17 16:19:14",613.7,2,necromanalbert
625,16376435,Cada,"2026-06-17 16:55:01",613.5,2,daikikagesaki
626,16374538,"Aaron Fletcher","2026-06-16 21:50:24",613.1,2,aaronfletcher
627,16374334,"Kenshin Kikuchi","2026-06-16 19:00:46",612.8,2,kenshinkikuchi
628,16382731,impaja,"2026-06-17 15:29:25",612.3,1,impaja
629,16372198,"Dale Jung","2026-06-17 06:47:37",610.9,2,wjdeodlf0123
630,16381128,"Aditya Sasidhar","2026-06-17 12:50:35",610.2,2,tadityasasidhar
631,16381262,takumina,"2026-06-17 14:53:05",610.2,2,takuminakamatsu
632,16380164,"nike hasegawa","2026-06-17 16:17:44",610.1,2,nikehasegawa
633,16376699,Lumina-jp,"2026-06-17 17:27:59",609.7,2,luminajp
634,16375828,fujihara,"2026-06-17 07:41:04",609.6,2,fujihara
635,16376238,KanaWorksAI,"2026-06-17 08:08:22",607.4,2,kanaworksai
636,16376223,電気通信ポケモン大学,"2026-06-17 15:20:17",606.1,2,"ncookie0123,sashiyatakeguchi,sh1n1230,yuki67"
637,16381422,"Tomoaki Kamijima","2026-06-17 13:31:54",605.7,1,tomoakikamijima
638,16377622,bigwave2,"2026-06-17 11:42:27",605.7,1,bigwave2
639,16376111,venom,"2026-06-17 13:27:08",605.0,2,venomcreations
640,16378070,Aakansha.aakaa,"2026-06-17 17:45:55",604.4,2,aakanshaaakaa
641,16372591,Boseiju,"2026-06-16 14:16:23",604.1,1,brechtf
642,16374946,AbhilashVJ,"2026-06-16 20:10:12",603.8,1,abh001
643,16374395,Majkel1337,"2026-06-17 17:32:44",602.9,2,majkel1337
644,16379720,"Occult Lab","2026-06-17 21:11:36",602.7,2,ryojikato
645,16376124,"Hale Obernolte","2026-06-17 04:03:14",602.6,2,hobernolte
646,16376855,"Keito OKAMOTO","2026-06-17 16:49:05",602.5,2,keitookamoto
647,16375089,romthpt,"2026-06-16 21:57:34",602.4,2,"romthpt,thomashussenet"
648,16373109,michaeloblak,"2026-06-17 09:37:55",602.4,1,michaeloblak
649,16377539,mands,"2026-06-17 07:54:38",602.2,1,masudashun
650,16378973,"Just a Student","2026-06-17 19:05:42",602.0,2,aotoizawa
651,16374887,Nozprod,"2026-06-17 19:04:30",601.5,2,nozprod
652,16379818,"yuki matsumori","2026-06-17 10:15:42",601.5,2,yukimatsumori
653,16371751,C&P,"2026-06-17 15:11:50",600.5,1,"cristinaaguilera,pablesky"
654,16382960,poyothon,"2026-06-17 15:41:53",600.3,1,"odanado,pipikapipi"
655,16376168,ぶれめか,"2026-06-17 08:40:20",600.0,1,blaymaker
656,16384037,inu1234567,"2026-06-17 21:12:34",600.0,2,inu1234567
657,16377531,wbt,"2026-06-17 21:12:39",600.0,1,luisalfredolorenzo
658,16377544,srikalyan,"2026-06-17 21:14:49",600.0,2,srikalyan
659,16371538,Maxim,"2026-06-16 12:35:05",599.7,2,ektarr
660,16376968,banana,"2026-06-17 19:06:30",599.6,2,cellphonebanana
661,16381879,nicov8810,"2026-06-17 19:00:14",599.6,2,nicov8810
662,16374194,"GO HIROSHIMA 2","2026-06-17 09:54:21",599.6,1,gohiroshima2
663,16376803,Kelvin,"2026-06-17 04:51:38",598.9,2,xyzdivergence
664,16373303,"anthony mbadiwe ikeme","2026-06-17 07:14:15",598.0,2,anthonymbadiweikeme
665,16377705,Aidle,"2026-06-17 16:49:44",597.5,1,shunta0225
666,16383121,あむ,"2026-06-17 16:57:20",596.9,1,nike017
667,16383339,"Rishiraj Acharya","2026-06-17 20:47:52",596.9,2,rishirajacharya
668,16382915,highwide,"2026-06-17 17:32:46",596.7,2,highwide
669,16376201,poolim,"2026-06-17 11:26:14",596.7,2,poolim
670,16383609,"Raid al maani","2026-06-17 19:55:38",596.3,2,raidalmaani
671,16382085,"Saianiruth M","2026-06-17 20:35:37",596.1,2,saianiruthm
672,16380576,takanori-suzuki-desu,"2026-06-17 17:39:33",595.3,2,takanorisuzukidesu
673,16376477,IwaKri,"2026-06-17 12:48:50",594.8,1,iwakri
674,16381500,yomogi221,"2026-06-17 12:56:21",593.0,1,yomogi221
675,16374059,nowan,"2026-06-17 15:54:29",592.5,2,anderswillardleo
676,16372044,nozmulll,"2026-06-17 16:47:15",592.1,2,nozmulll
677,16377179,"Jake Peterson","2026-06-17 16:04:54",591.9,2,jakewp11
678,16375662,akamiko,"2026-06-17 07:36:10",591.8,1,akamiko
679,16375476,YATAShotaro,"2026-06-17 15:23:49",591.4,1,yatashotaro
680,16379523,Konosuke_Takeshima,"2026-06-17 15:42:52",591.2,2,konosuketakeshima
681,16373896,SpeedSci,"2026-06-17 17:40:50",591.0,2,caoyupeng
682,16382438,ayaya09,"2026-06-17 18:26:30",590.4,2,ayaya09
683,16383003,oimotmg,"2026-06-17 17:50:51",590.3,1,oimotmg
684,16378927,ushironoko,"2026-06-17 08:39:23",590.2,2,ushironoko
685,16372064,"Yoshinori Sato","2026-06-17 17:34:21",589.6,2,yosynory
686,16380051,NayuNayu,"2026-06-17 19:29:00",588.2,2,nayunayu1005
687,16379362,Orion,"2026-06-17 17:32:59",588.0,2,fastthanh78
688,16377781,Takasawy,"2026-06-17 14:59:27",587.7,2,takasawy
689,16380565,Issy,"2026-06-17 12:31:30",587.5,1,issytechie
690,16373925,NaOH,"2026-06-17 16:19:08",587.2,2,naoh1181
691,16382234,"hpp sak","2026-06-17 14:28:09",586.6,1,hppsak
692,16380393,"Aarit Haldar","2026-06-17 13:16:28",586.2,2,aarithaldar
693,16377853,"hina-no is all you need","2026-06-17 10:53:20",585.0,1,tyokousagi
694,16375394,KUMA,"2026-06-17 12:53:29",584.7,2,noisefallacy
695,16381085,"takuya asami","2026-06-17 13:53:36",584.4,2,takuyaasami
696,16376229,eryu1225,"2026-06-17 05:56:40",583.7,1,eryu1225
697,16383855,"Zer0 Karat","2026-06-17 18:15:34",583.0,1,zer0karat
698,16381491,"Yuh Kim","2026-06-17 12:55:04",582.8,1,yuhkim
699,16382751,kutty1119,"2026-06-17 16:26:53",582.8,2,kutty1119
700,16381869,"Xiangjiang Zhou","2026-06-17 13:34:23",581.8,1,xiangjiangzhou
701,16375129,"Bambang Satmoko","2026-06-16 21:12:41",581.0,1,investo
702,16377404,Kokoro0711,"2026-06-17 12:29:38",579.9,2,kokoro0711
703,16373898,"tomek kur","2026-06-17 11:02:41",579.9,2,tomekkur
704,16382528,あれすくん,"2026-06-17 17:35:23",579.6,2,areskunsan
705,16383541,harapeco_onakasuita,"2026-06-17 17:11:22",579.5,1,harapecoonakasuita
706,16380542,NuuNohjo,"2026-06-17 14:55:24",579.5,1,nuunoh
707,16371979,"Natalia Jaśkowska","2026-06-17 13:06:09",579.0,2,nataliajakowska
708,16377805,machiko_osada,"2026-06-17 12:24:23",578.7,2,machikoosada
709,16373692,"Kota Munaoka","2026-06-17 06:49:14",576.8,1,kotamunaoka
710,16376376,Duc24KDL,"2026-06-17 16:32:43",575.3,2,duc24kdl
711,16381865,"Kazuhiro Masuyama","2026-06-17 14:37:24",575.2,2,kazuhiromasuyama
712,16375898,yanto,"2026-06-17 04:35:31",575.1,2,yanto7369
713,16380853,"kokuto k","2026-06-17 11:49:16",574.9,1,kokutok
714,16371981,shikisoukan,"2026-06-17 14:56:03",574.7,2,shikisoukan
715,16380934,muko,"2026-06-17 14:47:38",573.5,1,mukocha
716,16372742,soraKING44,"2026-06-17 10:08:23",573.4,2,soraking44
717,16377116,"family hattori","2026-06-17 09:51:59",573.2,2,familyhattori
718,16381378,杉澤亮太,"2026-06-17 13:20:12",572.1,1,sugi777
719,16373415,"Pikachu, I choose you!","2026-06-17 19:51:31",571.4,2,"shoheiyoshimoto,shunsukesumi"
720,16375090,"n shuhei","2026-06-17 19:13:11",570.8,2,sapphirens
721,16376930,Yuulis,"2026-06-17 14:42:23",570.2,1,yuulis
722,16373014,ZAOUI_Yassine,"2026-06-16 15:21:57",569.7,2,zaouiyassine
723,16376352,"Blair Dupre","2026-06-17 05:39:50",569.6,2,blairdupre
724,16372567,nmdcddwzml,"2026-06-17 01:52:05",568.7,2,mujian63
725,16371442,"Egor Tkachenko","2026-06-17 12:03:37",567.4,2,egortkachenko
726,16381315,colapis,"2026-06-17 18:02:45",566.8,2,colyamo
727,16376867,kotton,"2026-06-17 12:27:53",563.8,2,ktkt40208
728,16376065,泣きむしサメチャン,"2026-06-17 17:02:02",563.1,1,gengen1012
729,16375502,Robotron,"2026-06-17 07:38:41",561.2,2,wyattmchalffey
730,16373571,Senzatela,"2026-06-17 12:26:17",561.1,2,ryyymy
731,16375697,ryus1234,"2026-06-17 14:28:03",560.4,2,ryus1234
732,16382268,lolnazo,"2026-06-17 16:38:01",559.8,2,lolnazo
733,16371835,松本力也,"2026-06-17 07:56:13",557.8,2,rii07matsu
734,16377265,"Takeo Mitsumoto","2026-06-17 13:23:01",556.7,1,takeomitsumoto
735,16376530,yuto,"2026-06-17 10:09:10",556.7,2,yutoseeda
736,16373756,"THAI TA","2026-06-17 19:24:22",556.2,2,vanthaita
737,16382127,"Shridipa ","2026-06-17 17:59:05",556.1,2,shridipa
738,16380063,"Hiroto toto","2026-06-17 10:08:52",555.7,1,hirotototo
739,16380824,orikage,"2026-06-17 13:25:19",555.5,1,orikage
740,16378603,"Santipab Tongchan","2026-06-17 08:36:45",555.4,2,santipabtongchan
741,16380661,MagicTrashBag,"2026-06-17 19:21:30",554.5,2,magictrashbag
742,16382738,"Joshua Sze","2026-06-17 20:48:21",554.5,1,joshuaachoo
743,16374503,"Bright O.H.","2026-06-17 14:55:58",553.3,1,brightoh
744,16379028,NIT_PokemonS,"2026-06-17 15:20:13",552.3,1,"nitpokemons,unknownkt"
745,16379500,"Thomas Young","2026-06-17 17:59:38",550.8,2,daashi
746,16375632,huurou,"2026-06-17 13:52:01",550.7,1,windwolf0721
747,16377172,SachinChand,"2026-06-17 10:26:13",550.0,2,spiderman
748,16377317,"Kosuke Izumi","2026-06-17 05:40:52",549.1,2,kizumi0712
749,16374742,MIK123456,"2026-06-17 18:25:38",548.8,2,mik123456
750,16372466,akzw,"2026-06-17 14:45:46",548.1,2,akzw4649
751,16375381,"Opulentis Aeon","2026-06-16 22:06:00",547.7,1,opulentisaeon
752,16378002,"Battle Data Base","2026-06-17 16:34:44",547.6,2,battledatabase
753,16373644,yankoGPT,"2026-06-17 19:10:40",546.2,2,"machi70,sota365,yamamoto908"
754,16381151,KIHA-X,"2026-06-17 14:27:54",546.0,2,"moosan6363,plainoaks"
755,16371940,ondy0705,"2026-06-17 15:53:52",545.7,1,ondy0705
756,16379427,DreDree,"2026-06-17 11:32:51",545.3,1,dredree
757,16382112,"Shuri Ikeno","2026-06-17 16:00:56",544.7,2,shuriikeno
758,16376658,"Yuta Tadokoro","2026-06-17 09:04:23",544.3,2,yutatadokoro
759,16376308,"Jane Long","2026-06-17 15:27:55",544.0,2,maisonhortensia
760,16376309,Nomiyama　Yu,"2026-06-17 11:55:40",543.7,2,nomiyamayu
761,16374614,"Jose Coronel","2026-06-17 20:49:51",543.2,2,josecoronel
762,16375323,drektmr,"2026-06-17 08:06:42",542.6,2,drektmr
763,16377755,TAKUMI7775,"2026-06-17 17:25:27",542.0,2,takumi7775
764,16375954,yu_gotou,"2026-06-17 01:16:01",540.7,1,yugotou
765,16373076,gemelom,"2026-06-17 08:04:17",540.2,1,gemelom
766,16373900,Tyrker,"2026-06-17 10:08:41",539.7,2,polregyborja
767,16375328,Hum1060,"2026-06-16 22:26:03",539.1,1,kimimimimi
768,16378716,Nqcqlx,"2026-06-17 09:03:54",538.9,2,nqcqlx
769,16380308,yamayuki_poke,"2026-06-17 10:24:34",538.8,1,yamayukipoke
770,16372178,Kaiman2110,"2026-06-16 14:35:40",538.5,1,kaiman2110
771,16382442,trickstar,"2026-06-17 17:23:01",538.5,1,trickstar
772,16375661,kokoa,"2026-06-17 08:29:06",538.3,1,aoiokayama
773,16376857,okubyfire,"2026-06-17 08:04:28",538.3,2,okubyfire
774,16376095,ren110,"2026-06-17 02:37:07",537.7,1,ren110
775,16376568,KENMANGG,"2026-06-17 04:17:39",535.7,2,kenmangg
776,16375942,perrodawn,"2026-06-17 16:16:43",535.7,2,perrodawn
777,16383385,"naoteru nakamura","2026-06-17 19:29:45",535.6,2,naoteru
778,16378001,"sa s","2026-06-17 09:38:47",535.1,2,sas080
779,16371791,MeMu,"2026-06-17 09:41:48",533.7,2,memutsuki
780,16375871,Yuta,"2026-06-17 17:07:10",533.4,2,yutaecon
781,16381843,岸本蒼唯,"2026-06-17 13:55:07",533.1,1,kazzhead
782,16375467,sunako24d,"2026-06-17 14:50:57",533.0,2,sunako24d
783,16372622,YusBri,"2026-06-17 02:52:52",532.8,2,"ukiko0801,yusukebrian"
784,16373681,"Shota Hirao","2026-06-17 04:30:22",532.5,2,shotahirao
785,16373134,"Mishio Nagadome ","2026-06-16 17:01:05",532.1,1,myosin340
786,16383238,"Dũng Đỗ","2026-06-17 18:36:18",532.0,1,dungdosg
787,16371783,"松田 峻明","2026-06-17 13:25:18",531.2,2,matsudatakaaki
788,16378682,"Shih Hua Chou","2026-06-17 07:58:46",531.2,2,shihhuachou
789,16380426,snowfairytea,"2026-06-17 14:34:09",530.2,1,snowfairytea
790,16381435,"Kenta Yamada","2026-06-17 18:01:15",530.0,1,shichi
791,16377301,feles42,"2026-06-17 07:53:24",528.2,2,feles42
792,16377345,ChawanutCharoenthammachoke,"2026-06-17 07:00:16",527.8,1,championest
793,16377166,solu199,"2026-06-17 19:23:47",526.1,2,solu199
794,16376640,"TEAM NIPPE","2026-06-17 15:48:43",525.2,1,xiongdaxiongmao
795,16376114,Shuren_Akane,"2026-06-17 15:46:50",525.1,2,shurenakane
796,16372825,"Sanc Tuary","2026-06-16 16:29:18",524.4,2,sanctvsize
797,16374020,ha-sanC4,"2026-06-17 01:52:18",522.2,1,hasanc4
798,16380536,井上修杜,"2026-06-17 16:22:48",522.1,2,ino3838
799,16377108,BlueSteel,"2026-06-17 16:52:38",521.9,2,zhy65401
800,16375282,"david valor","2026-06-17 08:22:34",521.8,2,davidvalor
801,16378648,"Andrew Daniels","2026-06-17 10:36:51",519.8,2,andrewdanielsaus
802,16377358,miiu3,"2026-06-17 14:51:42",519.1,2,ymiura
803,16378264,saxsir,"2026-06-17 13:09:25",519.0,1,saxsir
804,16377131,Kalameet,"2026-06-17 09:11:28",518.9,1,kalameetvsgough
805,16377491,TKYOinK,"2026-06-17 06:46:25",518.2,2,tkyoink
806,16372597,Salt708,"2026-06-16 14:43:20",517.9,2,shionao7
807,16372035,"Keita Kakinuma","2026-06-16 12:58:54",517.7,1,raimuchan
808,16377836,shimadadada,"2026-06-17 15:50:36",517.7,2,shimadadada
809,16376500,eierapfelxx,"2026-06-17 15:25:17",516.3,1,eierapfelxx
810,16381624,LumenLiquidity,"2026-06-17 14:53:45",515.6,1,giovannibaldon
811,16383843,Civitas,"2026-06-17 19:59:52",514.8,1,godhand
812,16374570,kenimuku,"2026-06-17 12:30:23",514.5,2,ponjuice
813,16383230,"Florian Brunotte","2026-06-17 17:17:27",514.3,2,florianbrunotte
814,16380825,baudo828,"2026-06-17 15:18:26",514.0,1,baudo828
815,16375931,"Kaito Fukami","2026-06-17 15:41:44",513.9,2,kaitofukami
816,16381308,KollekTCG,"2026-06-17 20:06:26",513.8,2,"franckattaix,nathangaltie"
817,16378273,"Yuichi Yoshida","2026-06-17 09:43:32",513.6,1,yu0000001
818,16378806,TakayukiSPIC,"2026-06-17 14:43:58",513.1,1,takayukispic
819,16379617,nabepoke,"2026-06-17 18:50:57",512.9,1,nabepoke
820,16376408,hk15,"2026-06-17 07:02:58",512.7,2,"harshakrishna15,insainian,nawfalak"
821,16374568,RubenGG94,"2026-06-16 18:50:35",512.4,1,rubengg94
822,16376115,WenRuitan21,"2026-06-17 03:34:31",512.3,1,wenruitan21
823,16378851,すも（もす）,"2026-06-17 18:36:49",512.2,2,mosumosu12
824,16375823,nodel,"2026-06-17 09:52:54",511.6,1,ndkikuchi
825,16383862,zzz_nya,"2026-06-17 19:32:53",510.4,2,zzznya
826,16372763,"nicolas maine","2026-06-16 18:13:19",510.3,2,nicolasmaine
827,16384208,"Sushi Party","2026-06-17 20:04:08",510.1,1,mandy44
828,16377471,shiiin9,"2026-06-17 11:34:28",509.7,1,shiiin9
829,16379050,"Benedek Brandschott","2026-06-17 11:49:21",509.6,2,benedekbrandschott
830,16382861,"Sima Sinha","2026-06-17 16:36:55",508.6,2,simasinha
831,16376001,魔法火焰协会,"2026-06-17 17:04:50",508.1,2,kagamikoakatsuki
832,16380641,guregu321,"2026-06-17 11:50:43",507.7,1,guregu321
833,16382121,yiyi,"2026-06-17 16:25:45",507.6,2,ystoke
834,16382662,"Rafael Flor Rodríguez-Rabadán","2026-06-17 19:28:39",504.3,1,rafaelflor
835,16376685,Yuta_poke,"2026-06-17 12:09:45",503.2,2,yuta1process
836,16380517,fufufufufuko,"2026-06-17 12:54:12",501.9,2,iiimas00
837,16371582,"Lizzi Ti","2026-06-17 09:28:41",501.3,2,lizziti
838,16382059,Fumi,"2026-06-17 16:02:51",501.1,2,cheersbeer
839,16373836,Kuriboh,"2026-06-16 17:52:08",500.3,1,cauchyeix
840,16375715,吉田碧海,"2026-06-17 10:31:25",500.3,1,aoao0314
841,16372157,nikoro256,"2026-06-17 16:14:01",500.2,2,"mackerel38,nikoro256"
842,16374199,psyrax012,"2026-06-17 05:14:15",500.0,2,psyrax012
843,16381537,"Takumu Hata","2026-06-17 12:57:02",499.3,1,takumuhata
844,16379508,"George Olteanu","2026-06-17 14:34:20",498.9,1,olteanu
845,16377478,imamutya,"2026-06-17 10:05:52",497.2,2,imamutya
846,16371615,NimaPoke,"2026-06-17 16:23:56",496.8,1,iykuetboo
847,16381063,aca-ta,"2026-06-17 14:24:25",496.2,1,seljydef
848,16374517,matsuda2929,"2026-06-16 18:24:32",495.7,1,matsuda2929
849,16383779,"Rauru Okitani","2026-06-17 18:03:02",495.4,1,rauruokitani
850,16373619,"Tae Shin","2026-06-17 02:27:41",492.8,2,taeshin
851,16378961,Tresure,"2026-06-17 09:42:08",492.6,1,yukitakarada
852,16383777,maniginam,"2026-06-17 20:11:26",492.4,1,maniginam
853,16381545,okuokuyt,"2026-06-17 17:27:02",491.7,2,okuokuyt
854,16373623,curosfaiya,"2026-06-17 12:15:57",490.6,1,curosfaiya
855,16380767,KuchiKiya,"2026-06-17 16:51:10",490.6,1,kuchikiya
856,16375067,GrossmanLabs,"2026-06-17 17:27:21",490.1,2,kingisaac
857,16375124,openrasmus,"2026-06-17 20:20:13",489.8,1,openrasmus
858,16375517,"Alberto Bonsanto","2026-06-17 03:13:15",489.4,2,bonsanto
859,16373099,まっさん,"2026-06-17 07:46:33",489.2,1,ms3bf3
860,16377933,kiyomaro026,"2026-06-17 12:15:00",488.8,1,kiyomaro026
861,16375826,"Keita Shimada","2026-06-17 07:59:20",488.2,2,keishi01
862,16371678,ktm,"2026-06-17 14:36:02",488.1,2,tmhrkt
863,16377453,"Gururaj Krishna Sharma","2026-06-17 14:34:41",487.0,1,gururajsharma
864,16372727,怒破餓鬼,"2026-06-17 16:02:12",486.9,2,"alcoholcat,yuinokogawa"
865,16376770,CatPurrgramming,"2026-06-17 13:08:37",486.3,2,catpurrgramming
866,16375433,"Desmond Cayce","2026-06-17 19:32:58",485.2,1,desmondcayce
867,16375066,PoKade,"2026-06-17 19:28:16",484.9,2,"kylexia,xunfanxia"
868,16375716,ryoooooo,"2026-06-17 02:44:08",484.7,1,ryoooooo
869,16373326,kanade73,"2026-06-16 15:42:04",483.6,1,knd703
870,16374763,"Ryo Ochi","2026-06-17 06:42:08",483.5,2,ryoochi
871,16375356,"SEIICHIRO Kojio","2026-06-17 04:00:41",482.3,2,seiichirokojio
872,16379476,MasaPokemon,"2026-06-17 12:49:42",482.1,2,masapokemon
873,16378441,Seiha,"2026-06-17 09:51:47",481.9,2,emilphilvinod
874,16378742,rian55,"2026-06-17 21:07:47",479.7,1,rian55
875,16377683,GoodWill,"2026-06-17 16:40:12",479.6,2,takafumisaito
876,16378614,souyakuchan,"2026-06-17 14:08:09",479.4,2,souyakuchan
877,16373569,DhawalModi,"2026-06-17 16:58:41",478.3,1,daveconnor
878,16378553,EliKal,"2026-06-17 10:05:44",478.3,2,eliork
879,16376532,"Ryosuke Takeda","2026-06-17 09:06:29",477.8,2,ryosuketakeda
880,16380968,KH_shadow,"2026-06-17 14:48:42",477.4,2,khshadow
881,16375754,イチノセ,"2026-06-17 06:44:51",477.0,2,ichinose3
882,16374997,"Michael Krager","2026-06-17 16:05:28",474.9,2,michaelkrager
883,16382603,Eriya,"2026-06-17 17:04:41",474.1,2,haaaal
884,16371945,conan1024hao,"2026-06-17 11:30:56",473.2,1,conan1024
885,16379512,Soyukke,"2026-06-17 15:36:51",472.3,2,soyukke
886,16375864,Kyohei,"2026-06-17 15:45:38",471.4,2,kyohei3
887,16380292,esu_oshawott,"2026-06-17 10:20:51",471.1,1,esuoshawott
888,16377993,William_Rod,"2026-06-17 06:10:32",469.2,1,williamrod
889,16376289,"Lucas Ween","2026-06-17 11:44:25",468.6,2,luacasween
890,16377065,CleAAAAAA,"2026-06-17 15:56:04",468.5,2,"kirvk013,sunning11"
891,16373586,zono819,"2026-06-17 13:53:03",468.4,1,zono819
892,16381070,"team asayan","2026-06-17 13:32:58",467.8,2,aseanonpu
893,16373505,Rich,"2026-06-17 10:18:48",464.9,2,richkastl
894,16382482,shikitora,"2026-06-17 14:40:44",464.9,1,shikitorarr
895,16380917,Kai_zuta,"2026-06-17 12:54:01",464.1,1,kaizuta
896,16373672,Yamadai,"2026-06-17 07:37:47",463.8,2,yamamotodaiki00
897,16372801,mingjiang,"2026-06-17 15:37:21",463.6,2,ayuthu
898,16373123,"PLUS OMI","2026-06-17 10:50:32",463.1,2,plusomi
899,16377233,Tommy,"2026-06-17 04:35:33",461.0,1,yusuketominaga
900,16374832,"ARNAV PANDEY","2026-06-17 15:54:04",460.4,2,arnavsuiiiiiiiiiiii
901,16372635,"Yuki TASHIRO","2026-06-16 14:02:31",460.4,1,yukitashiro
902,16383118,pokemob,"2026-06-17 16:44:37",458.6,2,pokemob
903,16372359,jinkai01,"2026-06-16 16:25:31",456.8,2,jinkai01
904,16379219,Fotone,"2026-06-17 18:51:15",456.4,2,fotone
905,16382565,Jerryssk31,"2026-06-17 15:26:15",455.6,1,jerryssk31
906,16380242,Nullx2,"2026-06-17 17:51:45",455.3,2,jack3low
907,16376249,Jay,"2026-06-17 06:26:18",453.2,1,a22658802
908,16375572,Itton_knight,"2026-06-17 13:21:36",451.6,1,ittonknight
909,16372927,"Shun Tsukuda (しゅん)","2026-06-17 16:00:43",450.9,1,shuntsukuda
910,16380651,もたざる,"2026-06-17 14:58:47",449.2,2,havenox
911,16373448,yomogii,"2026-06-17 09:18:53",449.0,2,yomogii
912,16377992,Kurari,"2026-06-17 06:15:29",448.6,1,tsukurukomai
913,16382642,pokecard_kaggle,"2026-06-17 16:53:37",445.6,1,pokecardkaggle
914,16374432,shg195,"2026-06-17 18:59:14",445.5,2,shg195
915,16378470,NAUTANAKA,"2026-06-17 06:59:06",445.4,1,nautanaka
916,16380924,"kwn mmm","2026-06-17 19:25:19",445.3,2,"kwnmmm,yakioni1129"
917,16381953,ytk03,"2026-06-17 13:52:22",444.9,1,ytk03mtmt
918,16381447,"Yukari Kotoha","2026-06-17 17:01:51",444.7,2,yukarikotoha
919,16382027,UrbanFox,"2026-06-17 18:31:09",443.2,2,urbanfox000
920,16374429,Kawake1,"2026-06-16 18:30:23",443.0,1,kawake1
921,16376736,michaelmilstead,"2026-06-17 05:52:30",442.2,2,michaelmilstead
922,16380808,festivallead,"2026-06-17 12:23:55",442.1,1,festivallead
923,16377468,"Gaku Shimoyama","2026-06-17 10:32:48",440.9,1,gakushimoyama
924,16378936,HID_garal,"2026-06-17 12:39:47",440.7,2,hidgaral
925,16383220,"Roma Tikhonov","2026-06-17 20:36:14",439.3,2,tikhonovroma
926,16377429,askbox,"2026-06-17 17:00:09",438.8,2,askboxnet
927,16378595,UMRgurashi,"2026-06-17 17:35:33",436.8,2,umrgurashi
928,16375757,"Suguru Otani","2026-06-17 11:44:14",436.3,2,gtansu
929,16382104,Robina,"2026-06-17 14:01:53",435.8,1,wyndomr
930,16379804,kidnanarya,"2026-06-17 10:06:37",435.1,1,kidnanarya
931,16376865,CSCMU,"2026-06-17 14:25:44",433.4,2,"saimaisaifah,trukkanchanunt"
932,16380472,Nailin2005,"2026-06-17 19:18:24",430.5,2,nailin2005
933,16376175,Klee319,"2026-06-17 19:58:41",430.3,1,klee319
934,16376245,minaminamin,"2026-06-17 10:44:38",430.2,2,minaminamin
935,16374741,sironekosama,"2026-06-17 12:48:25",429.9,2,sironekosama
936,16380704,UJ_shinozaki,"2026-06-17 13:27:41",427.3,1,ujshinozaki
937,16373017,EL,"2026-06-17 20:25:28",427.1,2,raphaelgusmao
938,16374066,"STS Works","2026-06-16 19:32:23",426.7,1,stsworks
939,16377706,Heracr0ss,"2026-06-17 06:30:24",425.7,2,heracr0ss
940,16377843,Mindnightdestroy,"2026-06-17 07:20:44",424.1,2,mindnightdestroy
941,16379819,"hardik rathod","2026-06-17 11:21:02",423.6,1,hardikrathod001
942,16378036,"James Michael","2026-06-17 13:45:30",422.6,2,ingenio
943,16373279,ShoKSE,"2026-06-16 15:57:29",421.5,2,shokse
944,16382068,lucasta1,"2026-06-17 14:41:09",420.4,1,lucasta1
945,16372154,"Wilson Mugabo","2026-06-16 13:32:47",420.3,2,wmugabo
946,16379339,"WintoMT mo","2026-06-17 08:21:23",420.1,1,wintomtmo
947,16380649,Electoria,"2026-06-17 17:18:29",416.1,2,tomonakamu
948,16384194,"Yohei Nakajima","2026-06-17 19:37:48",414.8,1,theyohei
949,16379914,"Ryusei Murakami","2026-06-17 18:28:44",412.6,1,ryuseimurakami
950,16372285,Fumisky,"2026-06-17 14:49:40",411.8,1,fumisky
951,16378607,kunihiro,"2026-06-17 15:12:24",411.5,1,kunihiro
952,16375051,"Berk Ozak","2026-06-17 15:17:47",411.5,2,berkozak
953,16378301,fuku_support,"2026-06-17 11:47:30",411.3,2,fukusupport
954,16375885,"Akira Nishikawa","2026-06-17 12:01:53",410.7,1,akiranishikawa0621
955,16379229,SakurabaMomiji,"2026-06-17 11:02:06",410.4,1,sakurabamomiji
956,16379491,Tsutsu_01,"2026-06-17 11:30:20",410.3,2,foopa66666
957,16373335,Miyatanian,"2026-06-17 14:38:10",410.0,1,miyatanian
958,16377529,nya,"2026-06-17 16:51:50",409.9,2,jerryishihara
959,16380639,Indianelephant,"2026-06-17 11:04:50",407.7,1,indianelephant
960,16378895,sieru-copan,"2026-06-17 13:44:55",407.7,2,sierucopan
961,16374660,nenten,"2026-06-16 23:59:04",406.1,1,nenten
962,16380589,Pixegami,"2026-06-17 15:11:07",403.1,1,jackpx
963,16372507,Tsukusim,"2026-06-16 14:11:12",402.5,2,tsukusim
964,16381180,RG,"2026-06-17 15:37:38",400.4,2,reo777
965,16378204,DOMinators,"2026-06-17 12:06:08",400.0,1,nisargvashi
966,16373421,yasuki,"2026-06-16 16:19:16",400.0,1,matsukuboyasuki
967,16376606,Shioya,"2026-06-17 17:22:24",399.8,1,shioyas
968,16375849,onigiri_meal,"2026-06-17 10:47:24",399.6,2,nozonozonozo
969,16371393,"Tahsin Arafat","2026-06-17 00:17:27",397.4,2,tahsinarafat
970,16376473,"Taro Nagasawa","2026-06-17 04:02:31",396.4,1,taronagasawa
971,16373598,"Ahmed A.","2026-06-17 15:31:25",396.2,2,archie40004
972,16377552,"Brad Thompson","2026-06-17 14:41:11",396.0,1,bradleybates
973,16383319,"StormGrid Lab","2026-06-17 19:25:14",395.3,2,stormgridlab
974,16373480,naotoyo,"2026-06-16 16:13:39",395.0,1,naotoyo
975,16372043,tarousan_imo,"2026-06-16 14:37:06",394.7,1,tarousanimo
976,16375921,crustle-crusher,"2026-06-17 09:40:47",393.1,2,"buchidev,chickbreast,graypein,ryuumehara"
977,16373818,SoraTakanashi,"2026-06-17 16:42:25",391.4,1,soratakanashi
978,16375656,currentbranch,"2026-06-17 11:27:35",390.9,1,currentbranch
979,16377717,"Le Chaton Fat","2026-06-17 09:05:49",390.9,2,anmatngu
980,16373498,瀬川尚紀（おしるこ）,"2026-06-16 15:44:20",390.2,1,oshiruko620
981,16381515,atsuken,"2026-06-17 15:58:54",389.7,1,atsuken78
982,16380730,hashimu,"2026-06-17 12:08:52",388.7,1,hashimu
983,16382393,Tia_Stella,"2026-06-17 14:31:26",388.7,1,tiastella
984,16375062,"Yuki Nakatsuka","2026-06-17 20:13:21",388.6,2,yukinakatsuka
985,16376260,TATEHA,"2026-06-17 06:40:04",387.7,1,tateha
986,16380832,"TakuyAI Obara","2026-06-17 12:26:19",387.6,2,takuyaiobara
987,16380566,hiroyuki-sh,"2026-06-17 10:46:10",387.1,1,hiroyukish
988,16378882,"chihiro tomioka","2026-06-17 07:56:04",386.0,2,chihirotomioka
989,16376555,Kabuto0421,"2026-06-17 07:27:14",384.5,2,kabuto0421
990,16373095,"Toshiki Tsuchiya","2026-06-17 14:06:05",382.3,2,toshikitsuchiya
991,16376386,"TAKAMASA SHIMA","2026-06-17 05:14:54",380.9,2,takamasashima
992,16379498,"Shogo Haramaki","2026-06-17 13:14:34",379.7,2,shogoharamaki
993,16381171,Sameeigaman,"2026-06-17 14:57:28",378.6,2,sameeigaman
994,16372783,yakitori55,"2026-06-17 06:15:04",377.6,1,yakitori55
995,16381008,K.A,"2026-06-17 12:40:12",376.8,1,azumax317
996,16373222,monzblog,"2026-06-17 15:15:20",372.0,2,monzblog
997,16377908,"Yuto Asano","2026-06-17 09:51:05",371.0,2,yutoasano
998,16379875,Mystique　Kobayashi,"2026-06-17 10:35:37",369.3,2,aniotamain
999,16380605,Lapra5,"2026-06-17 14:48:49",369.2,2,lapra5
1000,16376052,Amarett,"2026-06-17 01:11:42",366.9,1,amaret51
1001,16377488,hagglemekaggle,"2026-06-17 06:07:52",366.1,2,hagglemekaggle
1002,16382470,"Sijin Yu","2026-06-17 18:28:25",365.6,2,sijinyu
1003,16371495,gongdo,"2026-06-17 11:55:01",365.1,1,gongdo
1004,16372009,qtarou1111,"2026-06-16 13:49:16",364.8,1,qtarou1111
1005,16381480,naoto714,"2026-06-17 12:55:00",362.8,1,naoto714
1006,16382266,nagisora,"2026-06-17 15:23:04",362.5,2,nagisora
1007,16376721,今井大登,"2026-06-17 15:12:47",362.2,2,naru041104
1008,16377061,kaggle.omusubi,"2026-06-17 06:09:25",361.8,1,kaggleomusubi
1009,16382778,"Ken Page","2026-06-17 20:23:58",361.0,1,kenpage
1010,16374672,"Allan Kássio Beckman Soares da Cruz","2026-06-17 08:33:23",360.8,2,allankcruz
1011,16374294,anthonychiang000,"2026-06-17 06:08:37",360.6,2,anthonychiang000
1012,16381438,"Shintaro Sekimoto","2026-06-17 15:02:44",360.5,2,tarowork
1013,16373599,Thomas,"2026-06-17 09:16:32",356.8,2,tommurakami
1014,16382304,ntk_ta01,"2026-06-17 15:37:01",356.1,1,ntkta01
1015,16382386,BarrelAged,"2026-06-17 20:47:03",355.9,2,johnhosack
1016,16372899,"Lurk Shade","2026-06-17 12:48:52",354.8,2,lurkshade
1017,16375972,koucha,"2026-06-17 12:43:12",354.5,1,momotakaaoki
1018,16381448,ごんす,"2026-06-17 13:30:52",354.0,1,ryuoma
1019,16375541,"Tomonari Okubo","2026-06-17 12:09:42",354.0,1,tomonariokubo
1020,16374810,まきしゅうた,"2026-06-16 22:12:44",353.0,2,maxxxine
1021,16379946,中村恵大,"2026-06-17 10:31:32",352.2,1,chimannnn
1022,16379177,Aevion-Labs,"2026-06-17 08:15:35",350.6,1,aevionlabs
1023,16373229,qwegat,"2026-06-17 06:20:12",349.8,1,qwegat
1024,16381485,"Shuhei Asaka","2026-06-17 13:06:46",347.1,1,shuheiasaka
1025,16381236,JOKER777,"2026-06-17 17:11:23",346.0,2,joker777hk
1026,16372551,テライFACC,"2026-06-17 14:04:30",345.4,2,keyholderterai
1027,16382362,Ykst51,"2026-06-17 14:41:18",345.4,1,ykst51
1028,16377691,Akanashi,"2026-06-17 15:34:51",342.3,1,akanashi
1029,16384334,"William Humphrey","2026-06-17 20:07:09",340.4,1,williamhumphreyyy
1030,16371326,J.Moriuchi,"2026-06-17 08:11:25",337.8,1,hesoponyo
1031,16378060,"Luca Lullo","2026-06-17 07:05:20",334.0,1,lucalullo
1032,16378118,WEcoS,"2026-06-17 15:45:34",333.7,1,aungkhainghtun
1033,16382133,"stray dog","2026-06-17 14:17:32",332.1,1,straydogman
1034,16383707,"Quentin Barbarat","2026-06-17 20:22:18",331.8,1,sunbr0
1035,16383107,"TAKAHIRO KUSUHARA","2026-06-17 16:59:27",331.0,1,takahirokusuhara
1036,16373504,"沢栗 ぺんた","2026-06-16 17:29:48",330.5,1,pentasawaguri
1037,16371603,あーしこそがろりこ,"2026-06-17 11:10:21",328.8,2,roriko
1038,16377654,"Ding Ma","2026-06-17 09:56:42",328.8,2,dingma61
1039,16373344,"MINAKI KIRATO","2026-06-16 15:33:12",328.3,1,minakikirato
1040,16380843,totoko,"2026-06-17 11:41:21",325.7,1,totoko
1041,16372102,トゲアリトゲナシトゲトゲ,"2026-06-16 18:38:10",324.6,1,togearitogenasi
1042,16372963,"Eruto Kondo","2026-06-17 02:44:59",323.7,2,erutokondo
1043,16379805,keisuketsukagoshi,"2026-06-17 18:52:51",316.8,2,ktsukago
1044,16381531,at_shimamura,"2026-06-17 16:52:54",315.4,1,atshimamura
1045,16382937,難波彰史,"2026-06-17 17:25:28",313.6,1,s1300061
1046,16374860,"Bryson Tang","2026-06-16 20:16:26",312.7,1,brysontang
1047,16376761,otomarukanta,"2026-06-17 09:52:47",312.5,1,otomarukanta
1048,16378231,bkal01,"2026-06-17 08:26:38",307.5,1,bkal01
1049,16377667,MelioniDas,"2026-06-17 17:07:17",303.6,1,melionidas
1050,16379922,itohudo,"2026-06-17 12:24:29",298.6,1,itohudo
1051,16380218,"SATOYUKI HATA","2026-06-17 10:11:55",297.8,1,satoyukihata
1052,16382318,junXD5,"2026-06-17 15:05:54",294.8,2,junxd5
1053,16372325,ゆゆてっく,"2026-06-17 14:47:12",293.4,1,"kkalcove0511,yuyutech"
1054,16382071,大田重吉,"2026-06-17 15:55:38",288.5,1,jukichiota
1055,16373808,"Yuka,Ota","2026-06-17 12:07:41",283.8,2,yukaika
1056,16376413,kinocode,"2026-06-17 02:46:31",283.7,1,kinocode
1057,16371665,SENGA,"2026-06-17 04:00:13",283.4,2,sukabato
1058,16377093,"KT MATA","2026-06-17 20:06:26",283.2,1,ktmata
1059,16377314,D_en3120,"2026-06-17 04:59:15",281.3,1,den3120
1060,16381407,"Yu Kodate","2026-06-17 14:40:12",281.1,2,yukodate
1061,16383425,"Simon Côté","2026-06-17 17:26:47",280.9,1,simoncote
1062,16378864,ZH1K1NG,"2026-06-17 12:05:46",279.6,1,zh1k1ng
1063,16376638,"Hitoshi Mochizuki","2026-06-17 04:38:32",278.3,1,hitoshimochizuki
1064,16383442,ryokiti,"2026-06-17 18:31:43",277.6,2,ryokiti
1065,16375208,hike_on_bush,"2026-06-17 20:48:12",275.8,1,hikeonbush
1066,16373508,"Yuto Kobayashi","2026-06-17 14:00:13",275.0,1,kbology
1067,16382067,"Hiroaki Takahashi","2026-06-17 14:50:38",266.3,1,syaron10
1068,16378758,hex,"2026-06-17 08:10:42",266.2,1,lgvrlv
1069,16376465,塩見隼平,"2026-06-17 08:18:28",265.1,1,shiomi1012
1070,16380690,Ruko,"2026-06-17 14:18:17",265.1,1,chanholong
1071,16382846,ta2yakwhr,"2026-06-17 16:40:45",264.2,1,ta2yakwhr
1072,16376444,Vishys,"2026-06-17 05:23:55",262.5,1,vishys2487
1073,16372394,rmizuta,"2026-06-16 23:58:15",262.1,1,rmizuta
1074,16373889,toruneko,"2026-06-17 17:38:57",258.1,1,toruneko
1075,16379419,"Xan Morice-Atkinson","2026-06-17 17:40:13",255.4,1,xangma
1076,16376364,TK-1120,"2026-06-17 15:44:44",252.3,1,tk1120
1077,16375875,romanohu,"2026-06-17 05:34:40",226.7,1,romanohu
1078,16371434,Budew,"2026-06-16 15:23:17",209.1,1,nht1990
1079,16382227,takusemba,"2026-06-17 14:39:08",201.8,1,takusembba
